Material_Thermal_Conductivity,Surface_Area,Contact_Pressure,Heat_Source_Power,Cooling_Method,Time,Operating_Temperature,Assembly_Type,Thickness,Ambient_Temperature,Heat_Loss
181.089,76.0292,4.8956,490.125,Water,24.3081,96.487,TypeC,9.4616,20.4996,2687822.014
382.75,486.0962,0.9982,997.4641,Water,4.0245,144.5307,TypeA,9.0287,16.5929,10610186.377
306.1979,447.7036,2.4015,603.1534,Passive,24.7107,98.9258,TypeC,5.8197,23.5921,43849691.5824
259.5305,467.4885,0.6891,389.0459,Water,40.7516,83.361,TypeA,5.8924,26.0865,48058818.0697
104.6065,497.7085,3.8296,298.1002,Air,27.5707,133.3023,TypeB,6.884,21.5749,23297018.9352
104.5981,128.2529,4.6313,415.4685,Passive,45.1888,94.2281,TypeB,4.4835,29.4087,8764146.5493
70.3293,228.3089,1.7602,435.2799,Air,22.062,91.9093,TypeC,6.825,27.8754,3323619.6229
353.1617,391.2073,4.3625,161.8423,Fan,38.4499,93.9344,TypeB,1.4029,21.6564,273687633.913
260.3903,363.2093,1.815,432.6168,Fan,11.9988,133.1464,TypeC,1.4864,30.0975,78673276.9599
297.8254,119.2532,4.5985,517.8147,Water,45.2128,131.5136,TypeC,5.1151,27.9739,32504684.3129
57.2046,417.1249,3.8928,750.464,Fan,33.1961,84.3872,TypeB,5.9466,27.7489,7544415.7995
389.4684,150.9983,4.1221,691.0565,Air,13.0398,76.663,TypeC,8.9904,26.0686,4315574.8142
341.3549,150.7179,0.581,737.8891,Fan,18.2228,94.1121,TypeB,1.9419,15.2278,38084635.0868
124.3187,291.6385,4.8326,107.5273,Air,45.1679,103.005,TypeA,8.4038,28.9301,14434660.7341
113.6387,316.823,3.77,295.9007,Water,29.4735,66.2171,TypeA,2.8904,22.5208,16042106.1777
114.1916,311.0388,1.8714,695.5159,Water,13.7459,127.3351,TypeB,4.5468,33.8522,10038024.0336
156.4848,91.1691,4.2323,535.5904,Air,58.069,93.5131,TypeB,3.8494,31.3597,13376300.6918
233.6648,444.8574,1.7668,104.7821,Fan,43.1924,76.745,TypeB,4.6014,26.7539,48778018.5373
201.1808,169.52,4.4274,824.0452,Water,57.471,51.7503,TypeB,2.3545,20.0436,26394204.4937
151.9302,108.2817,1.0066,795.5286,Passive,26.1992,66.273,TypeA,5.5321,19.0743,3677284.4076
264.1485,449.9366,3.6666,593.5772,Water,29.0309,144.4209,TypeC,8.2148,21.8077,51499166.8767
98.8229,480.0432,2.9331,159.817,Fan,53.9794,73.561,TypeC,4.9738,24.5314,25242711.3674
152.2506,437.9574,0.9344,789.8635,Passive,31.9779,58.5745,TypeA,5.4155,20.9213,14825322.6089
178.2266,414.2822,1.5885,625.3422,Fan,42.7295,90.674,TypeC,8.6389,25.2986,23875502.4164
209.6245,344.8589,0.5558,803.764,Air,15.8782,73.7797,TypeA,7.3545,18.3074,8657804.3432
324.8116,297.8858,2.6095,776.5723,Passive,27.3569,43.8675,TypeC,5.4141,34.5543,4553243.4484
119.8858,89.144,1.8557,822.7019,Fan,8.2835,75.546,TypeB,3.3193,17.1585,1557209.7495
229.9821,233.8039,3.1926,566.2073,Passive,13.1528,99.8519,TypeB,8.9643,33.6389,5223852.2627
257.3451,217.7098,1.8376,226.2921,Fan,1.0557,100.6884,TypeB,6.1932,33.2716,643854.052
66.2576,166.8892,1.8496,704.0417,Passive,3.3166,79.2215,TypeA,2.9903,25.5072,658767.5367
262.6407,375.5391,3.8444,658.4264,Fan,58.6597,89.2033,TypeA,3.4221,29.4982,100942895.8745
109.6834,273.1441,0.7166,768.0279,Air,15.2989,146.207,TypeC,8.2282,23.721,6822987.0526
72.7681,86.4708,4.563,252.8929,Passive,40.1353,81.5083,TypeC,1.3973,27.6007,9743104.579
382.1099,149.0824,4.3352,275.4777,Passive,50.5069,68.4049,TypeC,9.9288,21.8115,13501841.9219
387.9712,357.4664,3.5051,901.3686,Passive,33.489,66.7814,TypeA,2.1732,21.0232,97792630.8913
332.9391,84.2589,3.1695,774.98,Passive,10.0355,90.3541,TypeC,8.1646,26.5646,2199550.2442
156.6148,433.0431,4.5154,917.4056,Air,43.9589,123.5472,TypeB,4.553,24.9626,64553852.8598
84.1852,272.8159,1.334,782.8438,Passive,36.4148,62.6587,TypeC,5.4299,26.5907,5555377.6138
289.4816,266.264,0.8554,637.4398,Water,44.1438,118.0226,TypeB,8.9259,20.7332,37086567.5249
204.0534,316.5835,1.5778,688.7195,Air,46.4151,42.3265,TypeA,4.7162,22.3392,12707301.0584
92.7134,421.1064,4.0756,900.2151,Water,58.5492,86.0826,TypeB,5.8374,16.678,27178414.4472
223.3119,206.5141,0.656,620.9261,Passive,34.8402,125.3452,TypeB,1.4437,16.0455,121642189.4682
62.036,355.1073,3.1226,669.1522,Fan,21.1568,77.2606,TypeB,1.0211,20.0691,26104572.1265
368.2621,304.5794,4.9795,240.829,Water,39.2594,102.0111,TypeA,3.2032,16.4849,117575363.6869
140.573,170.1627,4.3506,526.5291,Passive,5.038,62.5477,TypeA,7.1252,17.0755,769083.2478
281.8828,445.3835,2.8465,744.7574,Water,53.9464,121.6195,TypeA,2.0914,31.2586,292623104.1696
159.0989,408.8417,0.7864,343.8484,Passive,8.0435,45.7507,TypeA,2.0239,15.7775,7748390.3177
232.0238,346.3033,4.2412,282.0288,Passive,20.3427,133.7797,TypeC,4.6986,28.1789,36736391.4166
241.3486,432.7618,3.1954,382.4441,Passive,49.129,61.8016,TypeA,6.8305,20.4512,31064105.0449
114.6991,440.2824,1.0172,317.3506,Fan,36.2414,136.1838,TypeB,7.4086,32.4309,25630695.9445
389.3546,368.7633,0.9224,293.4214,Water,24.2245,78.7782,TypeA,2.6061,24.6998,72173967.9105
321.2965,426.656,4.5933,482.3658,Air,28.9327,119.4952,TypeC,1.7163,21.1115,227354086.6169
378.8246,363.8622,3.5114,917.0547,Air,51.4183,75.1148,TypeC,9.4636,25.3528,37267844.9104
363.1896,356.0633,4.2318,556.3537,Air,21.0603,139.6503,TypeC,3.346,22.6392,95241515.0475
259.265,328.3751,4.4554,269.1283,Air,52.3093,53.9301,TypeB,8.6801,26.286,14183086.3001
372.656,388.7225,3.073,169.2745,Passive,6.1999,59.6372,TypeA,8.7714,17.2907,4335918.2612
80.9724,121.3723,2.8285,726.5405,Water,46.8311,94.2333,TypeA,7.9527,34.9398,3431495.5464
118.594,446.3918,2.4369,444.5189,Water,51.0053,49.0132,TypeA,2.5195,23.5111,27331018.3444
65.8296,442.3296,1.9263,839.6479,Fan,11.7272,61.5578,TypeB,8.3962,21.9646,1610272.5117
163.8656,63.1613,2.4557,693.5597,Water,26.3904,143.8143,TypeB,7.9233,29.2042,3950950.7592
186.0371,421.6175,3.9825,816.6173,Water,10.7645,147.4139,TypeC,6.3705,22.278,16585190.0808
144.9722,107.9914,3.2087,344.7514,Water,42.6896,81.3885,TypeC,4.0348,31.6655,8236283.7059
340.0581,200.8035,4.5164,723.123,Fan,32.5855,141.5615,TypeA,3.3626,24.0854,77736163.505
174.8637,384.5787,2.4952,337.6558,Air,38.4841,99.9307,TypeB,2.097,29.3912,87056293.2639
148.3271,122.342,3.2319,945.1616,Water,12.5927,69.6717,TypeB,5.5878,17.1491,2147930.8816
239.9436,418.0852,3.3409,672.7369,Fan,13.493,117.2639,TypeA,6.2673,31.9224,18431567.5842
99.3235,424.4604,3.1626,392.0606,Fan,3.4483,112.4792,TypeA,4.2341,29.7144,2841703.716
330.7689,278.3605,3.6619,342.5607,Passive,20.002,148.8038,TypeC,5.2782,19.2343,45208764.6954
76.0927,52.8736,1.5685,271.8339,Fan,34.0249,69.1552,TypeC,4.2716,17.9057,1642395.657
395.4104,179.1672,2.8056,725.1769,Air,51.6182,113.9265,TypeC,6.7691,21.3258,50025655.7498
320.2857,327.6171,0.969,296.8441,Water,40.3487,45.7226,TypeA,9.1113,34.5214,5204965.5871
119.5505,491.5338,2.2303,635.7729,Fan,26.6884,52.5011,TypeA,2.4753,20.1366,20505406.4563
51.9327,334.3161,2.6945,338.1715,Air,57.2341,40.431,TypeC,4.4327,24.1225,3655937.2281
335.4115,166.9116,3.435,695.7721,Fan,43.4355,149.9407,TypeC,2.2678,15.6004,144049202.1371
297.4001,335.3026,4.7774,833.4458,Fan,55.8797,128.2501,TypeB,6.6245,22.9446,88578851.9577
305.1525,292.9934,3.2029,800.2227,Fan,32.1277,126.5395,TypeB,7.5598,26.4264,38039518.3263
319.9446,400.9304,3.8462,784.7662,Fan,16.2754,96.0699,TypeC,9.3872,34.0625,13790591.4814
75.9156,98.1413,2.7782,268.9502,Fan,4.1168,73.0074,TypeC,3.5098,25.3347,416610.2817
175.463,392.4626,3.3535,179.5465,Air,43.839,56.6391,TypeB,9.5519,31.3821,7982454.7119
90.5542,293.57,0.8192,729.0539,Water,8.1569,71.3142,TypeC,1.5694,25.9426,6268965.1486
352.0862,483.3464,1.6448,431.5125,Water,18.8637,81.3568,TypeB,6.4271,15.8157,32736560.0071
268.1543,203.8425,2.1283,489.1116,Water,32.4158,123.1941,TypeB,1.5142,21.3002,119234295.5221
165.8143,334.6799,2.6262,128.0342,Water,34.3006,99.3628,TypeB,9.044,26.511,15333209.2454
72.2454,469.4126,0.7054,333.6188,Air,36.4344,48.5232,TypeA,5.7683,34.0119,3108386.7287
158.8438,96.1294,1.1301,130.3088,Passive,10.8091,41.9832,TypeA,7.0241,32.1826,230291.5553
163.8142,471.7528,1.7457,891.2672,Passive,23.4045,51.2565,TypeC,8.4842,19.5671,6755671.4156
305.3622,359.5486,4.8719,319.057,Air,37.4145,85.1549,TypeB,2.3528,19.4022,114799871.8112
273.1451,80.5267,1.9911,601.6035,Air,58.2193,142.6512,TypeA,1.3473,19.0235,117503763.0887
360.5245,185.4336,2.6692,135.0814,Fan,43.9302,110.1143,TypeC,8.9099,33.45,25270087.0683
215.2752,368.6774,1.3824,700.1627,Fan,55.4336,128.2008,TypeC,3.8344,32.0533,110319981.7958
91.858,80.3078,3.2485,390.7246,Fan,45.9705,91.3012,TypeC,2.1608,30.4977,9542627.0191
299.6357,311.9767,1.7631,908.1273,Water,35.9113,79.7833,TypeC,5.2162,22.8547,36637270.568
316.2748,205.6474,1.4315,899.3064,Fan,12.3294,51.924,TypeC,6.3848,25.0876,3370596.101
246.447,329.412,2.8246,392.7616,Passive,40.3345,136.3526,TypeB,1.2787,24.2866,286975509.095
319.8385,70.5839,0.5248,910.8648,Water,37.7794,126.1476,TypeC,3.4741,20.068,26042400.0172
222.8285,442.1916,0.5345,996.5419,Fan,36.5457,58.493,TypeB,1.2952,25.1006,92838541.3321
232.9565,488.07,1.4858,842.8741,Water,29.8974,96.3487,TypeA,4.783,15.6099,57381550.3549
199.6394,485.995,0.6652,860.3842,Passive,32.1907,93.6112,TypeC,9.0559,17.6362,26202791.9422
58.8967,387.3433,0.9861,324.1079,Fan,20.7321,108.7601,TypeA,9.8439,32.7318,3652905.1154
87.762,108.5388,2.0249,619.0322,Passive,31.6394,144.0806,TypeB,6.7334,30.0336,5104688.1713
61.0002,391.2184,4.1116,160.5303,Passive,12.6558,103.7749,TypeB,2.4547,23.4574,9882160.2891
272.7436,61.0641,3.0742,185.4261,Passive,48.5053,99.4239,TypeA,9.1526,25.343,6538701.1941
160.0246,59.9556,2.807,999.0034,Fan,11.9608,45.5355,TypeC,5.6462,22.4,470218.1239
227.9997,195.6246,1.8207,393.9753,Air,6.013,46.9198,TypeC,2.3837,29.8156,1924421.1262
367.6483,269.8894,4.6929,773.3655,Fan,26.7385,60.6081,TypeA,9.2955,30.6837,8540988.2867
137.2523,396.6833,2.2866,825.9985,Passive,39.8401,43.5718,TypeA,7.8172,30.2657,3692185.631
193.634,357.4829,0.8919,872.2209,Fan,26.8253,121.7688,TypeA,7.5853,29.4522,22598963.2665
314.4429,250.6562,3.2768,997.8655,Passive,17.3285,119.5663,TypeC,7.3826,19.0901,18588103.3468
130.0794,173.132,1.0123,317.3468,Air,33.9321,54.9662,TypeC,2.8031,21.7594,9052844.1608
76.943,498.706,2.0535,136.3157,Water,21.4731,131.9687,TypeC,2.8991,24.3969,30573396.9578
151.413,241.7816,2.7834,470.0724,Air,56.0392,57.0265,TypeA,7.1946,21.6159,10097293.2766
106.4275,253.1242,4.434,217.0726,Air,55.4361,73.1293,TypeC,2.9775,30.0988,21582652.6072
375.3942,123.6307,2.721,120.1833,Water,30.6399,67.3875,TypeB,4.948,21.5871,13162573.5235
332.8421,407.6643,3.6602,424.3841,Fan,20.3452,80.9538,TypeA,8.038,17.7646,21701899.7602
271.6913,362.157,4.9677,805.3644,Water,44.4908,68.013,TypeC,8.0556,22.9808,24471923.2528
355.0112,149.3463,1.0917,609.5626,Fan,3.1661,93.7846,TypeA,5.0794,34.5983,1956004.8458
331.2852,87.0715,1.7363,381.5002,Fan,29.0114,84.8149,TypeB,8.1297,19.5176,6721519.3285
115.2995,356.2247,2.2756,688.9078,Passive,20.8431,148.5226,TypeB,8.5476,27.2432,12146652.7182
362.3956,344.53,2.3982,308.8164,Passive,55.3116,46.1519,TypeA,6.893,23.6595,22534799.6651
238.7698,172.9668,2.3496,112.9433,Water,1.7082,55.64,TypeA,3.0558,16.4205,905436.4838
332.6041,477.8886,4.5842,787.918,Air,33.6161,45.8108,TypeB,3.4661,24.7575,32454930.7417
363.632,117.9761,3.7131,661.3688,Water,44.6992,108.8425,TypeA,3.8336,29.0433,39916055.8439
161.3012,244.5507,3.2356,786.0724,Fan,29.6161,45.996,TypeB,2.0512,25.2644,11807533.5831
88.5182,474.6272,1.8922,135.0442,Passive,6.0388,132.0084,TypeB,3.4584,32.4421,7304205.6059
129.7773,238.8773,4.2071,853.4077,Water,58.3752,96.3132,TypeC,2.8857,20.7787,47369213.826
199.4877,337.3367,4.7978,657.5736,Water,31.5626,97.9708,TypeA,5.098,16.725,33849602.6473
336.3052,228.9175,4.1954,607.0558,Passive,37.237,101.7754,TypeA,9.1759,33.7313,21258326.0536
351.2557,173.3968,0.507,662.1526,Passive,14.96,58.7895,TypeC,1.9403,22.5639,17011505.7426
52.4332,492.7899,3.3638,877.9899,Passive,29.5264,61.7459,TypeB,7.4824,26.5281,3590872.31
228.7616,234.2003,0.7301,628.2429,Fan,26.3198,75.0699,TypeA,7.1855,30.8401,8679828.3972
196.0939,452.3446,1.6592,622.8553,Passive,5.4189,105.2846,TypeC,1.8618,21.4863,21634497.5384
127.7377,153.4796,0.7679,991.6112,Air,7.2635,63.113,TypeC,9.3032,29.3233,517210.9014
91.9529,145.8971,3.2171,781.0572,Water,50.4109,52.7965,TypeA,6.1162,17.7084,3879848.0276
168.1653,64.0103,3.5897,498.0644,Passive,15.1494,146.7129,TypeC,4.2735,20.8259,4803732.9661
380.0184,343.2501,1.0152,736.6573,Passive,12.5025,42.418,TypeB,7.8088,17.8942,5121717.5749
163.121,215.8369,2.2273,450.3074,Fan,30.7898,128.2967,TypeC,3.3163,31.2246,31730948.3301
231.5767,438.9612,2.5531,305.9879,Fan,46.3561,126.6839,TypeB,7.2416,19.453,69777162.5591
296.0566,262.9445,2.1607,637.1667,Water,4.6548,72.6936,TypeB,1.3574,29.3481,11571137.0161
177.2704,485.687,1.0446,935.3639,Air,35.0317,54.9189,TypeA,8.5547,33.866,7422685.5096
390.1237,133.4865,2.3853,936.2256,Water,8.0334,56.0192,TypeC,5.0335,25.5554,2531938.0479
386.8566,440.8804,3.8803,407.7148,Passive,3.1512,116.7175,TypeB,6.7302,25.8006,7260447.9997
138.1238,399.4686,0.8195,574.9097,Air,4.1119,110.7087,TypeB,2.9911,24.2207,6560223.4339
224.037,396.9148,0.8608,290.4723,Air,50.2157,126.102,TypeC,7.0937,21.5178,65833936.3981
155.3074,430.1525,2.0965,996.068,Air,7.9604,143.1229,TypeB,7.9502,24.5131,7933996.6182
149.6942,392.4608,4.7378,983.0061,Air,3.6639,116.112,TypeC,5.2589,27.0562,3645122.8267
62.9104,331.7991,3.5086,684.558,Water,26.8361,57.1437,TypeA,6.5595,34.7198,1914950.1079
263.3475,109.0602,3.554,823.9727,Fan,50.7956,66.7787,TypeB,5.1069,33.7553,9433785.8938
225.9377,64.6368,2.1286,743.5901,Fan,16.4821,132.6413,TypeB,9.0468,32.2431,2671234.6091
68.0176,464.3815,3.1715,633.8424,Passive,25.881,63.0237,TypeC,5.4808,32.7826,4510564.4879
147.5263,327.4926,0.5456,148.0132,Fan,3.3554,47.9775,TypeC,8.5763,24.357,446482.4205
367.8931,408.4418,3.3624,509.2879,Fan,27.4956,117.3608,TypeC,8.2122,28.1489,44882629.8887
133.8467,266.6851,4.6098,707.3077,Fan,35.0792,84.2779,TypeC,4.6945,32.9013,13703519.3436
100.7132,102.7887,3.2566,709.7785,Fan,34.6835,141.2044,TypeB,3.0708,22.859,13837401.2749
221.3085,106.3336,4.4316,435.8104,Passive,20.6132,111.5281,TypeA,4.6547,34.2352,8054933.0631
394.9777,358.5044,3.7579,947.5228,Water,19.6165,49.9461,TypeA,8.436,23.3157,8768588.8729
134.7193,243.6377,1.0425,250.6213,Air,7.2908,144.2642,TypeA,3.0487,27.0217,9202797.6557
285.2474,140.2361,4.561,550.3235,Fan,22.6411,68.4413,TypeA,5.7199,29.1961,6214084.4828
316.5669,271.2175,0.799,721.7956,Water,6.8702,77.0934,TypeC,8.2549,34.0118,3078453.5107
133.1731,78.894,2.9029,727.4222,Fan,46.2292,84.2486,TypeB,4.1813,19.8923,7475781.5469
304.8757,311.8871,1.1396,683.7751,Fan,58.0102,45.6347,TypeB,6.7799,29.9226,12783080.731
178.7241,171.047,0.5527,347.7594,Air,58.2344,94.6167,TypeB,3.2107,25.4163,38369581.4913
271.307,408.9016,2.3992,240.5859,Air,52.0392,53.565,TypeC,1.9835,20.3711,96613206.7033
271.7354,189.6629,1.8277,672.3463,Air,36.4467,84.1067,TypeB,8.1495,30.5321,12348516.6366
237.5211,254.8491,2.687,639.3719,Fan,42.3511,78.5781,TypeC,1.8907,26.0444,71230396.2758
81.6014,55.2292,3.0974,261.4204,Fan,17.8271,125.0124,TypeB,3.4424,28.2195,2259067.6254
342.3559,82.6011,0.6968,734.6252,Fan,38.2155,128.3488,TypeA,8.696,21.458,13283850.83
162.273,226.6221,1.0535,509.6548,Air,27.8833,56.8754,TypeC,4.1182,24.6255,8029964.6662
115.2815,265.9725,3.0139,700.9845,Passive,29.439,80.3206,TypeB,9.7574,27.3471,4900540.3195
64.2713,320.0092,2.0443,853.6304,Water,45.7088,81.0688,TypeA,9.8176,23.0982,5551135.5224
256.8125,181.2482,3.7813,252.7556,Passive,17.6332,56.6551,TypeA,3.4145,18.9675,9059252.3858
287.1475,362.7418,3.4353,117.2304,Fan,19.7643,127.8299,TypeA,1.3688,34.2328,140768822.1978
55.8057,437.0551,4.3052,801.1923,Fan,55.5539,117.7951,TypeC,7.3456,25.2294,17074662.1606
229.2326,400.9329,3.6162,648.7277,Passive,4.3172,60.942,TypeC,5.0589,29.6784,2452071.5291
129.2735,67.8285,2.4347,729.6756,Fan,29.6524,80.3394,TypeB,1.9068,23.2209,7788489.176
275.8105,266.2281,3.5283,854.3395,Water,54.8552,51.6386,TypeA,7.3677,22.1026,16147386.3539
111.0283,97.2186,1.7392,822.5298,Fan,37.0114,109.1027,TypeB,1.2806,23.1433,26816274.5877
291.8282,158.9203,1.8784,964.8281,Water,33.238,53.3509,TypeB,8.8318,23.1839,5265315.6733
185.3574,493.9982,4.0504,582.3416,Passive,15.7349,148.4528,TypeA,2.2479,25.8836,78560392.9065
377.8555,114.123,2.5089,539.6461,Passive,21.2533,125.875,TypeB,2.1458,25.8694,42713029.8409
98.1323,274.4997,4.0927,461.6985,Fan,51.2709,82.9262,TypeC,2.5811,24.9431,31025686.0052
169.3732,328.1701,4.2009,238.3219,Water,33.9939,103.642,TypeB,9.6424,17.6957,16841731.3773
89.7157,366.1092,4.359,615.3465,Fan,31.3698,140.2476,TypeA,7.2385,24.9215,16416095.4747
373.6428,301.8419,4.6249,349.3113,Air,6.8752,100.9509,TypeC,8.2123,18.3821,7796014.6598
357.0688,54.3969,2.4394,929.1768,Air,1.9457,59.1948,TypeC,4.5787,17.5227,343957.775
140.2796,196.9076,1.9349,624.8717,Air,57.8574,81.6574,TypeB,4.0268,33.6529,19051878.4339
280.9944,282.9702,3.1199,633.5562,Air,23.2422,132.7459,TypeB,3.1104,27.099,62770576.2197
336.0278,89.5399,2.1703,419.4322,Fan,36.5896,110.8634,TypeC,5.3258,28.1898,17089583.2219
244.3203,207.7821,3.2048,146.7904,Air,5.7032,111.5797,TypeB,5.9665,23.0359,4296598.7472
235.3777,64.9414,3.6751,128.5694,Water,41.3037,135.3504,TypeA,6.686,33.1796,9647978.8112
134.6483,85.3603,3.5978,481.0016,Passive,56.0214,138.337,TypeB,3.3141,27.7586,21484015.5551
82.586,228.6155,2.1855,176.1088,Passive,34.9642,141.1772,TypeB,9.5379,30.3834,7668287.602
364.0255,109.7221,1.2509,646.1623,Air,8.4408,50.4334,TypeC,2.5278,22.3712,3742730.3093
365.1463,305.3934,2.4374,892.8757,Air,35.3216,99.8539,TypeB,9.6909,34.2002,26684680.8923
271.5855,360.2592,1.1417,894.6233,Air,46.2145,121.456,TypeB,1.1337,31.4092,359145190.8737
168.6604,410.264,4.5054,693.1409,Fan,24.9786,123.262,TypeB,5.3301,32.079,29568081.668
172.2234,140.0676,2.0564,290.1086,Passive,52.9104,106.7388,TypeA,4.0003,18.4439,28171757.9054
304.0845,125.3672,1.1951,876.6971,Air,39.2723,58.3466,TypeB,5.0421,20.4193,11261727.6059
363.9886,97.0555,0.6145,897.4841,Water,54.0557,127.7163,TypeA,6.136,20.7125,33301460.3556
360.4802,336.3936,3.4062,276.9882,Air,37.7868,119.2122,TypeA,4.9203,20.4182,92004324.5279
322.9564,367.9141,3.3661,763.6835,Passive,8.746,49.4749,TypeA,4.7336,32.1082,3812637.774
274.7111,64.2138,2.0327,357.8676,Air,19.2718,91.0191,TypeA,7.5945,15.6377,3374363.5527
79.449,471.2955,0.8227,822.3763,Passive,12.9059,59.1375,TypeC,7.1729,16.522,2871063.7519
106.57,73.3871,2.3433,997.5141,Air,54.6208,77.1225,TypeA,8.4994,20.4783,2846950.576
364.494,293.5834,1.9005,127.0234,Water,45.8636,41.9889,TypeB,3.2496,18.9975,34723662.9287
262.2502,369.0772,3.547,907.6293,Air,40.9075,84.0363,TypeA,6.4858,19.6372,39314452.313
53.219,441.9361,3.226,660.3675,Water,18.757,100.4865,TypeB,6.2668,30.9589,4894417.0283
85.515,371.3391,2.1407,976.0444,Water,11.8586,108.1541,TypeA,4.3276,26.2625,7125882.3062
282.2256,410.7776,1.4805,518.5086,Air,45.6306,112.9839,TypeC,5.3745,15.1154,96330586.047
51.7716,202.7526,4.9462,862.6491,Water,28.9753,131.992,TypeA,3.824,23.5865,8622225.8315
106.2828,416.6713,2.543,156.1547,Fan,14.3216,63.7009,TypeA,2.2766,23.1577,11294822.4129
242.0568,86.0517,3.5972,401.7511,Air,37.3807,53.253,TypeC,2.9242,17.2789,9578710.2582
292.1633,452.6675,1.1325,160.3149,Air,3.3797,133.6691,TypeA,1.9496,28.5228,24106358.2496
278.1864,296.4166,2.6852,977.8088,Water,20.244,57.2274,TypeB,7.1476,29.0419,6582642.1713
128.4943,417.784,0.6239,835.2765,Water,28.6449,147.2236,TypeA,6.9465,29.4179,26078538.0297
299.2627,253.5432,2.7745,867.2927,Air,9.7295,132.6792,TypeA,9.5555,29.5694,7966023.9401
133.0372,339.61,4.8381,944.1687,Fan,59.0946,95.0964,TypeA,7.5671,15.0011,28260440.182
163.8899,286.8812,2.2289,176.5931,Water,13.3367,147.9564,TypeC,1.4684,34.0784,48629311.0225
311.272,379.2153,0.6755,447.0378,Water,8.6908,50.7114,TypeA,8.9582,31.2842,2224718.7755
277.3715,86.7335,0.6393,163.9314,Passive,13.0086,73.3372,TypeA,8.7641,33.0796,1437539.62
347.2282,77.1584,2.2459,289.7138,Fan,46.3746,110.2047,TypeB,4.9899,15.3129,23627361.2534
280.1645,161.1965,1.2201,306.4292,Fan,26.1048,78.5008,TypeA,6.2728,33.6772,8424310.6955
248.908,121.7951,0.6051,522.1965,Air,34.3595,142.121,TypeA,9.7847,31.1958,11808594.587
82.7862,442.3026,3.903,341.706,Fan,2.2395,47.2189,TypeA,5.7907,31.7444,219136.17
178.7005,148.6463,2.5634,190.8803,Air,3.0314,100.4353,TypeA,9.1479,16.8657,735614.0786
142.8208,489.1394,1.8016,250.742,Passive,27.3037,104.9953,TypeB,1.7473,29.7756,82112586.3263
135.3964,201.6031,4.5504,232.548,Fan,49.1827,111.8001,TypeB,2.7195,34.1983,38308877.0426
390.5537,131.9531,1.0226,975.7691,Water,53.2291,68.1233,TypeC,4.9668,28.5709,21844677.9341
187.5842,405.3643,4.8016,783.3633,Passive,6.1157,80.1023,TypeA,6.2628,26.4112,3986774.6286
362.2163,346.4185,1.9129,970.9853,Air,32.7634,132.8049,TypeC,8.3461,33.9126,48712108.075
270.8985,274.1881,4.4978,495.7664,Passive,54.8806,61.4437,TypeC,9.8944,23.8587,15484569.8047
328.184,299.9136,3.2132,350.5316,Air,23.8904,130.9555,TypeA,4.4997,26.9859,54332513.7329
225.923,373.6408,4.2202,818.4639,Passive,49.9444,101.8921,TypeB,1.4267,24.5268,228620459.0712
251.9164,152.8046,4.9281,393.6285,Air,8.888,123.8406,TypeB,8.2105,33.6569,3757987.7454
222.3812,498.3503,1.7978,369.445,Fan,56.1883,118.4968,TypeA,6.4394,16.5217,98611467.6684
118.335,488.6569,4.8251,309.2554,Water,45.334,62.8263,TypeA,2.7869,25.0224,35559570.8501
302.8582,342.6466,2.2527,216.7111,Air,56.5387,102.5694,TypeB,5.4535,28.739,79431266.2699
148.2703,139.7941,2.2348,330.8168,Passive,40.9204,135.4495,TypeA,7.6808,30.8381,11551953.6202
58.5106,356.1027,2.0317,419.7878,Air,22.4408,87.5328,TypeA,7.9337,26.6604,3587507.3866
275.9153,82.4893,2.9363,706.5948,Air,56.3527,146.325,TypeA,5.4966,33.1784,26401919.6748
111.9887,63.7936,1.1937,156.3084,Air,17.2584,89.7437,TypeB,3.7469,33.8398,1839593.4248
379.1605,165.9573,2.9917,289.4562,Passive,20.5982,55.7064,TypeC,9.7637,16.2864,5233002.1319
383.875,258.1803,2.9377,828.1213,Water,42.3477,82.8378,TypeC,6.9703,23.0474,36001678.2941
370.2025,440.7226,3.9286,232.2297,Fan,46.1537,144.6873,TypeA,4.6741,15.4692,208178820.1257
179.5555,377.2261,4.2514,408.3806,Water,55.8348,75.1693,TypeB,3.5242,21.5883,57498389.2968
55.4098,384.2179,2.482,878.193,Air,13.0833,135.4908,TypeA,7.5799,25.7374,4033072.0741
374.9115,241.472,1.8605,239.4328,Passive,48.0819,136.9376,TypeB,3.1797,33.2159,141990942.3801
199.8645,205.6707,1.667,174.4632,Water,44.5742,78.5205,TypeA,2.5454,31.9311,33536885.0778
388.3292,216.9674,1.3758,536.0842,Air,4.7639,49.1583,TypeB,5.7685,17.55,2199355.3855
387.267,494.4423,0.7594,372.1776,Fan,23.8462,119.7014,TypeB,3.6099,16.8606,130081508.9897
348.5533,68.0491,2.041,607.0675,Fan,17.6832,74.2664,TypeC,6.6601,26.7853,2990146.4889
153.0571,440.1642,1.7161,823.4244,Fan,18.9649,126.1216,TypeA,2.0614,25.6424,62277712.3799
184.7842,310.4039,4.8489,223.4336,Air,58.9939,88.692,TypeC,6.8945,20.3276,33552612.5305
347.8978,247.3769,3.0097,622.6292,Passive,38.9239,93.3793,TypeC,3.5497,32.9891,56990437.4743
160.9227,376.3659,2.0627,554.9579,Water,43.3429,125.57,TypeB,1.0022,33.5473,241038334.4258
109.3225,269.001,3.1121,229.6709,Fan,58.6204,82.06,TypeA,2.1424,23.0522,47481134.7986
244.8804,443.0405,1.1264,661.5986,Air,23.2549,88.744,TypeB,9.4025,32.8061,15009794.5215
377.6542,455.3158,2.4982,346.2764,Air,48.3086,81.381,TypeB,8.8062,22.679,55372718.458
293.6104,239.7744,3.3181,539.0509,Water,26.6373,80.4075,TypeB,3.1025,29.7363,30627662.2195
249.5214,174.5725,2.7,174.0451,Fan,52.3025,97.8541,TypeA,8.0053,24.5188,20870917.3902
84.0118,316.5576,2.308,513.6257,Air,11.6588,128.9679,TypeA,6.4771,17.4517,5338315.6129
265.2525,460.5635,4.9723,375.8171,Water,56.9135,79.7945,TypeB,9.7381,33.5587,33011742.0776
396.5188,144.798,4.4614,840.1431,Passive,13.9075,97.668,TypeA,4.3625,24.0819,13469012.6689
99.0294,330.335,3.3053,151.2809,Passive,20.247,113.78,TypeB,7.1331,29.6897,7808129.5597
231.4154,334.2021,3.0622,476.7465,Passive,45.6153,69.6383,TypeA,1.5718,22.3435,106151974.159
357.0806,379.9009,3.293,512.5883,Fan,24.2316,70.5275,TypeA,4.5662,15.3776,39701642.0248
309.269,109.2055,1.4059,752.5055,Water,36.8845,142.6754,TypeC,9.6744,17.0106,16181337.1505
293.9555,372.1212,2.2781,616.8588,Water,27.2298,119.5888,TypeB,5.8508,24.9244,48192769.9307
295.8694,459.0646,0.6776,700.4911,Air,44.7998,103.4905,TypeC,3.5909,28.7993,126565708.9936
175.8219,130.8574,2.64,799.3444,Air,14.4715,111.2492,TypeC,2.0824,21.6947,14318847.4851
152.7571,156.8945,2.9436,875.9827,Air,4.449,43.2229,TypeB,7.3318,28.9098,208158.7284
333.2764,487.1278,1.5249,382.4879,Water,18.6958,107.9913,TypeB,6.8037,28.9727,35251346.0753
333.5397,131.4396,4.8381,584.2204,Air,28.9842,96.046,TypeA,4.3654,29.0787,19492781.9893
353.4753,434.4733,4.5925,856.0973,Water,10.9132,100.0325,TypeB,9.5585,24.8504,13182536.6228
369.6342,271.525,3.7496,990.506,Water,21.933,79.5366,TypeC,1.1998,33.2977,84835699.3451
228.9698,161.254,2.9002,900.5674,Passive,24.599,48.9621,TypeC,3.7335,24.7839,5881850.2553
225.5307,441.8375,4.4149,434.3205,Air,4.3861,61.2673,TypeB,9.2896,24.0053,1753137.2484
329.4033,250.3874,1.0879,275.6499,Passive,35.4151,144.5819,TypeC,3.8884,18.9876,94346954.0857
277.4874,281.6678,4.0573,540.4533,Fan,53.1763,84.957,TypeA,3.2703,21.1531,81088303.9177
295.6884,211.655,1.0617,767.4773,Fan,9.9528,91.3351,TypeC,5.808,15.8467,8095836.1418
328.5274,316.8279,4.0739,543.3122,Fan,36.2707,45.7981,TypeA,8.4142,27.6707,8133428.2524
361.5019,123.5857,1.741,534.8628,Water,40.2196,44.1323,TypeC,1.9283,19.9707,22514776.5977
168.2983,225.9867,4.4469,854.4074,Water,25.7407,118.89,TypeA,9.4872,21.0831,10092863.5209
181.454,486.2355,4.7482,425.2634,Water,42.3648,99.1904,TypeA,8.1557,30.4163,31519697.7113
82.8937,166.16,1.1696,873.8152,Air,25.2332,95.9577,TypeB,2.6313,21.5444,9828800.8911
252.398,345.5315,2.582,466.1243,Passive,30.7736,66.7437,TypeA,7.4081,19.8439,16990885.5209
62.5798,196.3355,4.9144,395.4098,Water,1.4338,121.9226,TypeB,4.4646,18.3812,408557.3779
212.9593,398.0629,2.6753,508.5909,Passive,41.8115,58.506,TypeC,4.6207,30.4972,21484774.0757
239.9256,108.8931,4.386,786.2023,Passive,40.0192,60.8928,TypeC,8.0496,17.5941,5624007.7584
150.2894,486.4195,3.1493,213.4018,Passive,3.2657,90.6783,TypeC,9.6651,24.0751,1645145.666
256.7916,254.2053,2.189,276.7773,Air,22.7268,71.4908,TypeA,2.1399,25.1386,32135168.2008
60.6751,156.2227,1.786,956.3003,Air,58.7629,67.2209,TypeC,4.7857,28.7478,4477850.3094
63.0719,83.0735,1.4145,257.9425,Fan,25.8235,110.9761,TypeC,5.3285,27.6657,2115474.4093
337.9102,126.3911,3.9281,610.9546,Fan,30.6148,111.6069,TypeB,4.3868,31.2144,23961661.081
176.0667,283.8983,2.2394,621.383,Passive,54.6859,130.6969,TypeB,4.2687,15.895,73513791.4631
94.4712,201.6514,2.8007,540.662,Fan,43.3185,85.9479,TypeC,1.4704,20.9288,36490477.2015
232.7851,422.9975,2.7155,680.2707,Passive,35.3421,48.0394,TypeC,7.1698,20.6027,13317115.4275
319.4977,243.8994,3.0978,306.8441,Air,48.0705,70.1033,TypeA,4.9259,17.9203,39682640.2168
125.5374,161.9214,4.3951,597.396,Air,51.9976,147.8006,TypeA,2.7531,20.7836,48764137.0617
268.0117,327.7152,4.9133,434.9559,Air,27.9564,105.5884,TypeC,8.3443,21.1953,24834110.815
79.8716,368.0497,2.3341,695.5005,Water,29.0314,118.0711,TypeB,8.223,25.4377,9614000.6332
68.0886,125.1689,4.2238,227.1012,Passive,23.777,40.8094,TypeC,5.3775,28.2741,472369.8945
235.9741,125.4286,3.9404,613.7897,Air,58.0357,97.0026,TypeA,3.6861,22.622,34661607.8587
239.2223,66.5021,3.0809,266.7433,Passive,42.1328,44.1282,TypeB,6.7428,29.3894,1465140.2203
273.1005,381.3809,4.8022,350.7788,Fan,5.9102,102.6153,TypeB,3.5934,21.7233,13857459.6224
304.132,348.712,1.4021,296.8388,Fan,51.9146,141.2848,TypeA,3.1241,20.8057,212327042.5136
391.5482,263.5839,0.9917,264.554,Air,29.353,146.5261,TypeC,7.5746,25.8238,48273906.8529
230.7051,429.8767,4.3428,843.1399,Passive,5.0565,99.4608,TypeC,1.3629,15.4743,30902712.726
163.0348,412.5516,2.4762,357.1368,Air,33.4333,90.4025,TypeC,1.8529,16.5958,89573932.8129
328.3152,313.4095,4.3114,934.4114,Fan,25.6127,143.9519,TypeA,1.0611,23.3594,299517700.6206
144.7913,440.7221,4.5189,972.9339,Air,52.7872,114.0971,TypeB,2.3765,33.8583,113731961.3603
203.64,142.6285,0.7811,614.1344,Passive,13.0357,47.1389,TypeA,1.6209,29.4302,4136511.3357
77.4597,100.3638,4.4756,228.701,Fan,49.7614,91.2298,TypeC,9.9622,16.7625,2891717.4033
58.8728,171.3873,2.5174,437.0934,Water,33.9036,66.427,TypeA,3.5993,31.9264,3279047.7844
386.9269,75.6891,2.7969,817.959,Fan,4.222,91.6785,TypeB,2.3434,29.646,3273055.3727
342.593,289.0263,3.3197,430.6517,Water,58.3389,90.1012,TypeA,3.169,27.2189,114625241.4242
293.591,471.4726,4.6687,178.3155,Air,31.2443,104.0359,TypeC,9.4251,31.4059,33327295.5742
193.1335,67.7046,0.586,601.1064,Air,18.1617,79.2448,TypeB,5.6814,23.0822,2347600.1203
110.653,104.9495,2.6458,860.6088,Passive,28.695,58.0697,TypeA,4.2834,19.43,3006041.067
104.753,253.4896,3.5947,816.3337,Water,51.6136,95.4091,TypeA,8.8605,25.2405,10853638.4125
137.585,470.2438,3.7522,257.6108,Air,18.9893,131.3223,TypeB,4.5549,25.9768,28414516.0818
242.2293,192.2702,3.6164,705.4882,Water,12.3679,113.0413,TypeB,4.0151,25.7665,12520656.855
300.1086,278.2557,1.105,298.4538,Air,8.6152,77.2205,TypeC,2.8655,26.3015,12784016.6467
281.0691,68.7078,1.8473,296.3868,Fan,18.5737,142.9075,TypeB,4.4002,33.9741,8879861.9615
147.9769,116.7544,2.1142,886.6646,Air,47.0228,140.3428,TypeC,3.8502,33.0449,22640374.1522
384.2028,493.9836,4.12,324.7021,Passive,28.826,63.0283,TypeA,7.0957,32.5143,23526717.3542
308.2639,484.3034,1.7544,336.9226,Fan,14.4214,44.3359,TypeC,3.6062,31.0283,7945066.5391
244.0239,52.223,1.4482,100.5881,Passive,10.8049,121.544,TypeA,6.1948,33.8686,1948791.5978
264.1023,478.3153,4.8085,883.6021,Fan,20.631,131.0371,TypeB,1.593,16.9699,186617230.8166
196.86,337.604,0.5399,813.3353,Water,56.4555,146.4651,TypeA,2.7216,20.3025,173931265.4407
136.7058,440.5632,4.9902,664.596,Passive,21.2386,137.882,TypeB,4.6666,24.9011,30968879.8832
174.5904,254.6329,3.5457,775.2392,Air,59.2993,106.0588,TypeA,9.4325,31.9307,20717650.282
315.2461,282.0182,4.2281,236.8437,Water,29.6286,98.3058,TypeA,4.3953,25.1033,43870782.4114
55.0377,269.981,1.8258,512.4912,Air,11.5707,43.0625,TypeA,6.9767,29.9607,322874.7098
90.6254,350.0889,0.5644,416.0974,Fan,53.5773,67.1322,TypeA,3.2958,17.7792,25454338.1402
66.1009,112.8431,3.8204,184.3989,Fan,28.161,90.5576,TypeC,2.1433,20.0483,6910252.1209
64.2551,63.4881,4.2537,537.5174,Air,42.8706,109.1354,TypeA,1.5268,29.6355,9106341.3736
349.4112,188.5685,3.8321,928.6657,Air,59.039,101.2977,TypeC,3.7487,18.2947,86130717.3334
296.2803,367.1063,1.1428,136.0532,Water,3.9603,121.69,TypeB,2.4189,22.0271,17747545.7648
215.9608,140.8341,3.8904,362.3148,Air,6.705,70.7744,TypeB,2.5661,20.2973,4011458.9453
84.242,353.0446,3.9602,286.7868,Passive,43.5069,102.1448,TypeC,7.8468,21.9972,13216434.8748
222.0656,486.4604,3.4634,314.332,Passive,17.6277,49.6956,TypeB,1.1425,29.1665,34216700.8144
215.7151,92.2553,3.9475,917.5911,Air,11.8738,85.5032,TypeB,6.0203,22.3569,2478514.0026
110.6207,352.671,4.3066,521.2621,Passive,3.3224,122.5177,TypeA,4.4152,26.1053,2830352.8612
201.8481,249.6876,3.2612,519.6695,Air,2.289,116.2741,TypeA,5.5589,16.9986,2060253.4729
189.4767,440.664,0.8987,784.5181,Water,46.6947,148.9707,TypeA,6.0655,31.1004,75765022.3967
265.5475,129.7174,2.6943,239.043,Passive,8.9316,70.568,TypeC,3.8203,22.3978,3879276.1684
272.2828,361.6817,0.8494,538.5388,Passive,28.5955,94.8008,TypeC,3.656,27.9707,51476660.1725
65.8564,427.1519,2.3339,486.9867,Air,36.7479,76.2483,TypeB,7.6006,29.5078,6357089.5832
181.1144,475.0764,2.332,637.2196,Passive,26.2728,88.4663,TypeA,8.8415,19.1932,17711749.8463
269.051,357.4616,0.797,999.6019,Fan,2.5993,134.2645,TypeC,2.7332,32.6935,9290064.4832
226.0977,273.7286,2.0697,792.504,Water,47.2266,115.263,TypeC,1.8786,27.3245,136819417.3016
349.7714,328.0313,0.9995,458.0791,Water,1.6203,137.0685,TypeA,9.0802,23.5745,2323659.5648
280.5428,441.0072,4.1371,844.7977,Passive,45.9515,62.3862,TypeC,4.1491,18.6467,59932778.4549
107.027,306.7744,4.7646,253.6375,Passive,53.705,136.0697,TypeA,5.9619,33.846,30233894.7911
74.6991,63.6742,0.8254,127.4173,Fan,26.5376,46.5739,TypeB,4.2359,30.1014,490856.2527
274.8467,468.9269,4.798,284.0035,Fan,32.597,137.7459,TypeB,2.1322,19.1605,233655812.9378
59.279,360.287,2.8516,406.3704,Passive,29.142,76.1981,TypeB,6.304,21.7542,5375289.2343
255.0215,354.431,1.848,559.5227,Passive,23.9633,74.6046,TypeA,5.7263,31.1935,16420327.4873
379.0806,147.0538,0.8459,653.6162,Fan,53.358,96.3297,TypeC,2.8269,28.9136,70934993.4323
251.416,346.4985,2.7528,919.5451,Air,53.7421,143.4759,TypeB,5.0668,30.3157,104560788.2534
185.8595,227.239,4.0753,558.8686,Fan,20.8132,45.256,TypeB,8.1725,23.824,2305229.9998
275.1509,343.0548,3.6819,551.1481,Air,37.2891,78.7454,TypeB,6.3138,29.3295,27548136.6238
210.3885,97.9669,0.726,145.2187,Water,55.6875,134.2229,TypeC,1.8723,22.7299,68348855.7774
240.9659,346.0304,0.8281,131.4204,Water,57.7615,83.566,TypeC,5.9322,19.2253,52237009.1012
379.5127,499.7362,2.3129,596.044,Fan,31.0286,61.9073,TypeA,7.3246,27.6535,27520362.4654
185.1359,71.6954,1.8288,494.3608,Air,27.7167,86.7274,TypeB,8.1343,34.5203,2361200.3507
386.4167,489.7284,1.5457,855.2624,Fan,17.443,82.4108,TypeC,6.6621,21.212,30322438.0443
366.8727,233.1086,1.7645,244.6116,Fan,57.5734,140.6958,TypeA,2.3739,24.2194,241585624.5822
118.5269,441.8391,4.1157,122.4745,Air,9.426,123.8128,TypeB,7.3916,28.48,6366670.8639
74.2765,402.0735,4.6815,504.1349,Fan,35.2099,95.5627,TypeC,7.0961,25.8301,10333270.6436
85.2723,305.1573,2.323,313.7307,Water,17.6705,148.7208,TypeC,1.2198,31.8686,44048268.7156
56.3776,382.3021,4.5775,144.6529,Passive,17.4615,91.1805,TypeA,4.7057,30.2349,4874307.6448
83.055,445.332,1.9467,752.1385,Passive,24.8931,46.4062,TypeB,3.9966,16.1659,6966651.4163
289.0524,231.8631,2.644,200.4337,Fan,59.9288,68.8502,TypeB,7.0247,34.9684,19372358.2619
74.916,197.1649,1.5171,647.4876,Air,4.243,87.9678,TypeC,2.9452,30.048,1232507.235
161.6415,350.417,3.3821,352.9448,Air,35.134,57.2593,TypeB,6.3178,32.2781,7868882.4748
345.7064,413.5307,4.9054,256.1464,Water,5.8718,144.2322,TypeA,9.2189,28.024,10581423.6093
58.1452,393.0283,3.2157,441.7764,Air,10.1167,124.3534,TypeC,8.1802,32.1257,2606597.7703
335.064,409.0161,2.1102,821.3012,Air,26.9342,69.5116,TypeC,9.2931,17.2477,20759335.9209
148.6492,246.0125,3.4152,452.8842,Water,31.1171,104.9885,TypeA,9.8066,21.9548,9635068.2535
91.3577,418.0254,1.0531,775.6927,Fan,16.2688,119.3594,TypeC,1.096,32.5284,49222945.3702
293.858,104.0941,4.499,212.9377,Passive,19.671,143.5407,TypeB,6.6047,19.0331,11343128.1202
270.13,295.0201,2.7639,795.4943,Water,6.1311,136.9799,TypeB,4.7156,16.5648,12476903.4893
357.1152,52.5914,2.5221,313.24,Fan,18.89,96.6711,TypeC,8.7387,30.7624,2675783.3121
307.2749,196.0636,3.1364,709.6538,Water,58.0269,125.2118,TypeA,3.2663,31.7097,100073415.4714
331.2183,214.9077,3.3115,609.2034,Fan,56.7377,101.8359,TypeA,9.8293,18.253,34342576.2921
148.7121,228.2777,0.823,936.2302,Water,20.7578,100.7974,TypeB,6.5234,32.0869,7422329.2839
112.1038,362.9602,3.5718,448.5903,Fan,34.6804,52.6216,TypeA,8.1418,28.7354,4139902.11
312.7152,224.8511,1.5887,159.5487,Water,54.6661,53.8751,TypeC,1.7704,25.4017,61820146.1716
332.3922,251.9121,3.7128,117.2399,Fan,1.3648,98.2487,TypeC,2.6511,31.605,2872776.6164
396.6768,156.8949,4.2014,844.1727,Water,48.8303,69.5748,TypeB,7.8256,23.385,17937563.7102
194.4162,217.9633,4.1178,572.2621,Passive,56.9538,42.3141,TypeB,1.1979,18.8799,47213706.7105
180.2063,152.2713,2.9863,797.7196,Passive,6.3882,119.5123,TypeB,8.3519,20.6971,2073982.0724
321.7445,82.9382,2.8408,310.983,Air,10.5254,43.5735,TypeA,1.1255,25.1033,4609251.9234
169.2812,321.5519,1.1429,410.5754,Fan,57.684,105.4805,TypeC,6.9141,25.6266,36263995.5132
375.7651,350.6958,3.9891,127.0935,Water,32.7149,99.3113,TypeC,4.2858,31.1116,68603009.3883
350.4445,328.7707,1.7213,965.3431,Fan,1.8376,146.5696,TypeC,6.5035,30.8271,3767984.0096
200.1479,258.5723,2.7351,701.0811,Passive,16.2003,93.2634,TypeB,7.2643,26.6273,7690806.6499
312.8049,220.9036,1.7792,939.8846,Fan,27.5467,46.9962,TypeC,4.0823,30.6157,7637797.8105
314.09,438.5001,1.1022,338.9468,Water,41.8816,100.6857,TypeA,1.9717,18.8355,239456141.0942
86.0934,283.5868,3.333,650.3173,Fan,44.2565,132.5206,TypeA,1.6268,16.0013,77392101.487
365.8935,265.6318,0.7445,710.65,Water,59.7299,149.6534,TypeC,6.3004,32.4727,107972836.9479
226.8383,61.5389,3.8689,385.7947,Passive,17.9632,87.3377,TypeB,5.6859,16.5111,3123539.4475
339.2601,203.5615,1.9291,863.2983,Passive,32.755,75.2329,TypeC,7.6798,19.9338,16288240.9434
162.0174,221.088,0.5006,952.4453,Passive,32.4661,139.7319,TypeA,5.5876,28.9064,23065949.7809
363.4331,229.4703,2.8001,896.3696,Air,24.9331,61.0366,TypeA,4.802,23.189,16388659.427
186.2206,311.0776,0.7108,765.1603,Passive,10.9806,107.6972,TypeA,4.5828,32.5263,10433772.8644
53.7932,290.1211,1.7428,349.7182,Fan,58.6699,84.6286,TypeC,1.238,20.9596,47090079.9154
366.8837,323.5573,3.6814,353.4544,Air,51.3457,44.5191,TypeA,4.02,15.2374,44397031.4644
81.9503,394.1975,0.7821,967.0243,Passive,30.4016,78.2017,TypeB,9.7842,21.0131,5740437.5603
161.7598,415.8436,4.277,109.256,Fan,36.5915,69.1751,TypeC,8.862,26.5615,11835791.7566
382.5217,373.1554,0.5172,744.445,Fan,14.4084,115.47,TypeC,3.9644,22.5188,48221320.3962
382.7125,479.9857,1.6107,735.6215,Fan,33.0834,144.367,TypeA,6.2902,25.6975,114653083.7465
250.7033,58.2047,3.8341,660.4206,Water,42.0032,69.4852,TypeA,8.6257,32.532,2625779.0993
271.143,138.1001,1.9232,991.098,Air,31.3949,129.2613,TypeB,4.9715,33.2497,22703235.6721
206.9559,53.4033,0.9585,380.6915,Fan,59.4268,46.0896,TypeC,1.1616,20.3195,14570946.1169
152.6238,341.3636,2.1211,405.9747,Water,37.0692,99.1933,TypeA,1.6706,24.2428,86647241.9032
165.0326,454.1137,1.7168,171.0455,Passive,22.8874,47.7605,TypeB,5.5935,25.9829,6678165.536
285.3815,159.567,4.2922,498.5183,Fan,46.557,142.7436,TypeA,9.725,33.9822,23710409.9786
313.3311,467.1655,1.9101,334.9437,Water,11.0573,124.2986,TypeC,7.2389,34.9723,19972394.1012
327.0527,77.1203,4.0502,409.048,Fan,23.6864,112.3745,TypeA,1.6382,19.7081,33794099.4699
326.3663,470.4962,4.5134,851.1146,Air,21.4706,130.6286,TypeC,2.7042,29.5396,123245395.0066
81.9221,208.2302,2.4522,941.9361,Air,26.4766,111.2272,TypeA,7.9419,22.5606,5042462.1629
223.0471,95.6394,4.5947,267.1598,Passive,47.125,146.5839,TypeC,8.573,15.1622,15410582.1199
70.1456,268.6423,2.1979,435.258,Fan,29.5662,118.5354,TypeB,6.5593,15.1851,8778586.4204
242.3351,165.5495,4.8384,935.7675,Water,47.8469,141.7124,TypeC,6.7998,24.2113,33169871.8702
204.5357,178.1928,0.9018,155.6276,Passive,35.0128,96.8845,TypeB,1.255,24.7667,73330536.189
360.6965,188.2805,3.5916,183.1245,Fan,21.1821,52.8771,TypeC,8.4568,15.4514,6366198.2274
172.8203,411.3617,2.7222,246.5119,Passive,48.7887,98.0995,TypeB,8.0945,28.7385,29720983.2882
90.9735,292.6226,2.2444,635.6916,Water,15.0591,53.956,TypeA,3.3313,20.8801,3980335.7835
100.0471,190.0885,3.3472,235.425,Passive,14.2386,105.1743,TypeC,7.3781,26.1979,2898547.5817
316.5287,324.6502,3.6674,971.2687,Passive,30.7657,93.0742,TypeA,2.9337,21.0184,77651314.714
266.3763,372.2678,0.5196,502.0431,Passive,16.3901,108.4833,TypeB,1.363,18.3427,107487323.0379
85.3929,172.6808,1.2513,551.3662,Fan,1.5361,41.1052,TypeC,2.8102,23.1435,144775.6465
79.4374,236.0971,3.7087,321.9928,Water,39.2496,61.4325,TypeC,2.6077,19.6455,11795992.1552
295.3392,104.8487,3.4987,523.8642,Air,31.1545,94.0463,TypeA,4.0397,25.696,16322859.4333
75.4671,131.5172,4.8472,695.7223,Fan,27.2856,144.5554,TypeC,4.766,18.9766,7135690.6597
337.651,356.503,3.9247,776.0594,Air,58.0511,82.197,TypeC,5.5769,25.1681,71456842.227
297.1848,131.6473,4.7785,778.4813,Air,34.7008,86.6809,TypeA,5.2908,18.1476,17585646.388
78.4721,286.3235,3.6614,620.102,Fan,51.9425,118.6166,TypeC,3.4361,28.4195,30635283.0666
79.6932,369.0708,1.8412,913.9238,Fan,9.2276,106.4172,TypeA,1.2625,30.0788,16410861.4457
395.3239,98.0946,0.9741,835.6671,Water,34.5832,72.8819,TypeA,6.4459,17.2079,11583297.4667
180.9948,305.2905,4.0182,781.3433,Water,52.2108,85.1898,TypeA,4.5617,24.356,38473169.0466
179.7248,165.4533,3.3987,150.045,Passive,35.4032,63.947,TypeA,3.688,16.4174,13567480.566
334.4798,483.3171,0.7168,106.1902,Air,43.3628,146.2624,TypeA,8.8025,26.9636,95005645.8789
381.537,267.5955,2.1202,291.2025,Water,22.9506,54.3698,TypeB,7.7207,20.2881,10343656.3154
395.1004,412.6966,4.8056,697.1712,Passive,6.4545,80.902,TypeB,8.7199,25.5525,6680410.701
313.6824,297.6019,2.7518,470.0777,Water,28.0161,42.8423,TypeA,5.4548,25.3492,8387286.4866
181.6909,69.5356,2.4473,462.1656,Fan,24.2743,64.3957,TypeB,2.1784,33.4871,4351397.9563
79.2253,334.9181,2.5596,896.1282,Water,52.1566,125.8518,TypeB,7.266,25.9817,19021811.5643
322.0014,478.1315,1.44,906.0066,Air,15.3957,62.1293,TypeC,2.8547,26.66,29450773.0442
245.4415,320.7253,2.1592,918.2577,Water,58.0373,48.807,TypeA,4.9711,23.0331,23687327.0352
198.4777,418.635,2.1642,382.4903,Air,57.5301,92.1898,TypeB,1.585,33.9816,175548565.6354
367.224,447.8929,0.7356,721.9502,Fan,15.6103,41.0966,TypeC,8.4278,30.5437,3214948.988
88.9191,152.6359,3.9541,344.4699,Air,21.5351,49.3243,TypeC,2.1335,20.7081,3920287.8642
222.4188,145.4202,2.3743,271.5488,Water,53.8378,128.8388,TypeA,9.1279,31.8842,18496139.025
53.9738,324.9414,4.1998,266.1692,Passive,58.0307,124.8621,TypeA,8.7781,23.6479,11735099.4605
214.0312,234.9628,4.3266,407.8969,Fan,27.1629,140.6653,TypeC,5.1812,31.5733,28761721.528
69.7061,427.9376,1.454,486.9619,Water,19.9388,133.9967,TypeA,7.6993,31.4578,7921139.4845
91.5863,455.0104,3.4581,847.8543,Fan,32.0395,115.1493,TypeA,6.575,18.7774,19570063.3581
91.1342,209.0396,2.6253,207.902,Fan,41.5784,45.7566,TypeC,8.2277,29.0228,1610993.7308
277.2236,156.5918,4.4607,761.4333,Water,17.135,126.1133,TypeC,4.8862,20.8129,16030316.8124
311.1157,401.2365,1.4708,578.3094,Water,44.4519,133.0062,TypeA,8.0723,20.9499,77028541.4358
254.1791,173.6627,3.5502,359.1508,Passive,4.0478,127.899,TypeB,5.1621,20.927,3702619.9327
386.7604,420.1764,3.2349,543.5376,Fan,3.9084,95.9327,TypeA,9.4687,29.5114,4455430.5215
181.2047,240.6822,1.8289,369.9479,Fan,23.791,65.6192,TypeB,5.3773,19.5965,8880429.1722
149.9992,350.3975,1.1147,636.4738,Water,21.8549,132.9863,TypeC,5.1636,15.0181,26242857.7364
354.0097,92.9909,3.4324,490.4595,Air,19.6224,119.9879,TypeB,8.0656,29.3047,7262696.4755
128.2585,330.7367,3.8237,247.965,Water,29.9702,147.8837,TypeC,8.3942,18.4237,19607150.2392
387.1279,253.2955,1.9203,204.9248,Fan,19.9233,57.1262,TypeA,5.9904,17.0896,13057035.5586
54.2541,313.9738,3.4017,592.0261,Water,12.3432,64.8231,TypeA,2.6182,19.7503,3619640.6622
389.4576,125.6064,2.2781,912.1717,Passive,19.2587,63.2978,TypeC,5.2098,22.598,7359870.0024
65.106,381.5932,3.7094,409.5619,Air,58.5194,127.1794,TypeC,9.7127,24.5181,15366971.6547
361.9001,438.2587,1.3965,759.7001,Water,25.2557,60.5598,TypeC,7.7769,15.8914,23007664.7941
234.6954,147.5329,4.506,692.7952,Passive,27.2381,47.3326,TypeA,8.3005,34.4115,1468133.3377
397.5377,93.0715,1.7933,938.3994,Fan,35.0162,149.8417,TypeA,1.2954,29.3213,120537094.8164
75.8288,60.6374,2.155,838.8829,Water,59.0171,42.7299,TypeB,5.2107,21.4639,1107496.4927
243.849,338.8872,0.7614,609.9447,Fan,15.2545,131.8768,TypeC,6.8196,21.3739,20426261.8657
389.2559,323.1923,1.0018,691.3274,Passive,41.1956,80.1904,TypeB,8.4703,23.9709,34398161.2623
233.0842,296.0138,2.8214,908.5478,Fan,43.2431,132.5777,TypeA,1.4435,27.5249,217136312.0463
270.2895,154.3762,1.7042,459.5669,Passive,36.8321,101.0083,TypeB,8.6719,17.9275,14723884.807
293.512,225.9077,4.2597,394.1152,Passive,6.2261,139.1794,TypeB,5.9356,18.7786,8374092.1169
209.0894,317.5144,0.5661,109.73,Passive,40.9355,141.8812,TypeA,2.7758,32.1887,107395060.0643
269.6453,273.5451,2.2059,843.896,Water,4.7816,41.0008,TypeA,3.8553,20.1251,1909756.1009
254.51,494.5035,2.0181,820.8826,Fan,36.1724,48.2953,TypeC,3.5374,22.6039,33063981.1633
365.4053,111.3979,0.587,194.0091,Fan,44.6353,67.5395,TypeB,5.7777,32.4254,11042231.7561
65.9062,362.815,1.0597,619.1716,Air,13.4472,113.6247,TypeA,1.4652,28.263,18733094.1434
148.3371,231.9434,2.3614,517.5835,Air,50.6557,137.7099,TypeA,2.4268,21.8342,83218236.6248
382.644,242.6898,2.7179,206.8382,Air,2.7909,90.5936,TypeB,8.3142,28.674,1930182.5368
361.5923,372.919,2.3193,982.5114,Air,50.785,106.767,TypeA,2.1934,15.3937,285279531.3259
209.4799,361.5963,2.8892,293.2263,Fan,28.1594,60.735,TypeC,3.1006,29.7129,21341020.5283
267.0464,496.0652,3.1781,160.5108,Passive,13.8377,128.5464,TypeC,5.0803,24.7403,37456131.0725
147.0834,107.7774,0.5447,635.3626,Passive,8.8929,146.4061,TypeB,5.6541,31.2636,2870826.4656
115.8424,96.8493,2.5884,764.98,Water,57.2451,69.5459,TypeC,7.8725,34.0928,2892303.7282
212.2944,375.9525,4.8357,129.1991,Passive,5.2873,94.4309,TypeA,5.026,33.5158,5114556.0872
173.6733,310.2741,2.8356,692.8459,Fan,12.7465,49.4728,TypeA,8.1088,33.1853,1379645.063
254.2796,173.3723,3.5489,579.0627,Fan,21.5215,101.505,TypeA,6.5651,25.2434,11021186.072
77.2071,85.7387,1.9034,192.9385,Fan,37.5939,95.3062,TypeA,2.0179,22.2028,9015492.4113
391.0382,88.5462,3.983,255.2715,Water,33.1433,55.888,TypeB,2.407,24.3007,15059871.8347
395.1738,452.3859,3.9781,611.1769,Air,8.413,88.6273,TypeC,4.9333,28.7979,18240015.9482
294.3566,136.3403,2.8458,366.7219,Passive,18.094,76.7515,TypeC,4.572,32.68,6999777.2461
237.6337,195.5172,4.8921,944.4842,Fan,15.0864,97.4014,TypeA,7.6919,19.1397,7131719.6979
158.3347,151.9954,1.065,836.8662,Fan,13.599,104.422,TypeB,6.2266,33.3639,3734875.638
334.8283,209.7483,0.5763,985.2105,Air,25.2575,40.9345,TypeA,4.4932,31.3036,3802087.3688
289.6559,81.2407,3.9657,333.7038,Fan,42.5379,123.7107,TypeA,2.5368,34.5771,35171209.2425
106.9159,283.5769,4.1322,972.7513,Passive,13.8297,118.4316,TypeB,3.0415,32.605,11832049.9284
368.8245,80.4257,1.0409,488.1105,Water,22.6341,80.2915,TypeB,6.1795,20.5987,6485544.6915
337.888,410.1604,1.6951,412.7669,Fan,24.0641,45.823,TypeA,4.8109,17.1191,19898058.2768
382.43,155.1704,0.579,145.3146,Passive,58.6109,123.0426,TypeC,5.6343,17.2448,65309429.9252
304.0018,293.0054,1.8199,147.4887,Fan,57.3253,145.0693,TypeA,2.5361,20.8245,250155446.4485
264.6953,446.0356,3.9791,722.8101,Air,48.2081,66.4167,TypeC,6.9662,27.2837,31972969.4051
196.3851,342.8948,2.8308,512.1361,Fan,15.2579,75.5877,TypeC,8.6728,31.0864,5272026.2517
376.455,289.831,2.0664,303.8695,Fan,5.0142,60.2194,TypeB,3.3215,32.985,4485833.1143
353.1224,195.9502,2.1728,652.5733,Water,19.6973,103.463,TypeB,5.4236,27.4751,19095650.9922
65.8265,199.8509,0.5061,327.5723,Air,16.7409,57.0326,TypeA,9.7797,15.1126,944020.4799
59.2284,351.2691,1.8491,619.8686,Air,30.8496,79.1813,TypeC,3.9992,18.7263,9702386.875
181.7622,497.3627,3.4091,423.2879,Water,46.8859,116.6714,TypeC,6.3554,16.9945,66476886.8035
333.6937,347.8276,4.8839,841.197,Fan,51.6411,101.6128,TypeA,1.8118,22.2665,262496765.7351
395.5466,301.0025,4.3118,838.6265,Passive,50.847,82.5109,TypeA,6.4541,25.027,53919223.3484
102.6459,378.7927,0.6062,529.6154,Air,22.2209,86.2275,TypeA,1.8067,15.8679,33646676.293
257.9458,259.3425,4.5435,415.7372,Air,41.5468,101.8322,TypeB,9.6331,21.9696,23041837.5026
183.3118,77.0641,4.0244,426.3038,Fan,19.4572,40.6451,TypeA,7.441,18.5836,814941.8273
389.47,303.0336,4.0117,825.1431,Fan,4.5934,48.6361,TypeA,8.0934,27.9414,1386204.1409
344.7416,480.9314,2.561,395.3615,Air,42.3924,136.9384,TypeC,7.3369,24.2854,107918274.3625
343.415,128.8863,2.291,288.1534,Fan,1.5798,48.5667,TypeA,6.3076,24.9064,262291.5074
214.0426,360.5022,1.8631,176.2195,Passive,25.1418,117.7484,TypeC,5.0492,23.5538,36191612.8172
195.1868,140.4202,0.7956,520.0238,Air,20.4334,141.2042,TypeC,8.7254,34.1204,6873201.8261
145.6925,291.1225,1.5271,533.9189,Passive,41.9093,69.7752,TypeB,9.6115,19.2947,9335892.7142
69.7314,93.5044,1.6097,856.8178,Passive,46.2085,80.7541,TypeA,5.4913,25.3333,3040744.4529
352.6528,252.6669,2.6783,299.1148,Fan,18.9416,102.5814,TypeA,9.3838,29.7203,13104767.7994
334.5154,390.2735,3.8635,442.8921,Passive,48.886,136.988,TypeC,6.25,26.1369,113195633.0022
399.9012,206.4072,2.6321,827.5652,Fan,18.3411,143.6096,TypeB,5.8455,33.5804,28496348.8693
398.8229,349.2103,0.7603,841.2612,Water,27.3333,121.352,TypeB,5.0903,22.5594,73882271.0512
244.4011,407.9525,4.8101,446.15,Fan,43.8941,49.5282,TypeA,2.8836,24.2735,38328877.5211
319.1456,467.23,4.7423,513.2116,Passive,41.8823,113.607,TypeC,1.0335,16.7704,585166097.3161
380.668,155.5889,4.0334,372.9573,Water,59.2547,85.1334,TypeA,3.1736,27.18,64087675.1137
347.3766,229.6922,4.961,939.2994,Fan,14.2845,91.7771,TypeA,5.5875,20.7642,14485435.7252
136.5718,118.5872,2.9502,206.7794,Passive,40.0768,45.4063,TypeA,4.4196,18.2062,3994656.3257
207.6904,496.6176,4.8325,940.3745,Air,36.9712,61.0168,TypeA,5.0364,25.8906,26595798.3244
95.2058,467.1504,0.8402,715.4798,Air,54.9908,126.9565,TypeC,9.8258,25.6462,25217141.2408
383.9179,292.9807,2.1456,578.4149,Fan,10.2254,89.9355,TypeB,4.1525,16.5174,20335327.8954
262.1611,428.915,1.5142,129.3932,Fan,45.3561,73.1828,TypeA,5.0696,28.9643,44484170.9916
130.025,284.4311,1.3812,528.0366,Air,34.5278,82.2421,TypeA,2.2016,27.4754,31765157.0742
285.0952,330.6136,1.1336,466.9733,Passive,17.2053,133.9839,TypeA,1.4316,18.7803,130502018.9122
266.3449,90.106,3.3009,245.0969,Passive,28.9917,122.3899,TypeA,7.9787,24.3887,8546160.3247
175.357,389.8717,4.0159,690.7686,Passive,20.6928,69.9547,TypeB,6.1361,29.4065,9348527.9373
89.7452,107.4711,3.1023,974.0358,Fan,35.1795,52.9252,TypeB,7.8463,25.5887,1182144.556
285.0506,421.7304,1.1613,605.9699,Water,53.451,67.7198,TypeB,2.3488,22.9098,122586207.0438
232.1077,401.9126,4.1501,743.2779,Water,34.589,141.2832,TypeB,6.1465,21.4468,62910051.9741
320.3114,368.9351,3.3618,161.6054,Water,38.2716,103.9748,TypeA,3.2828,27.2079,105761735.4325
232.0572,66.2722,2.2467,475.9003,Water,31.6061,98.6828,TypeC,3.0526,33.7822,10334183.227
348.2635,186.4078,3.5336,204.7226,Water,4.0188,105.6033,TypeB,1.1037,28.4349,18241346.2901
243.1674,168.4007,1.6696,651.5163,Fan,14.7387,80.2631,TypeB,2.1731,16.4949,17710583.4708
246.3283,212.0614,2.0534,944.6339,Fan,30.0281,128.7818,TypeA,3.7834,24.2137,43353158.6274
356.8288,89.4392,4.6287,695.6,Water,19.3039,97.5615,TypeA,2.0519,32.8165,19439402.3292
191.219,471.631,1.8073,169.1227,Fan,11.7241,52.8423,TypeA,9.8727,16.8892,3850466.0836
96.9053,299.211,2.6149,419.1996,Fan,30.7438,54.1972,TypeA,3.7777,34.7775,4582449.4472
60.0739,187.4859,4.5056,595.597,Water,20.0458,99.0545,TypeC,2.1729,33.9814,6761446.0751
314.298,228.6417,3.6847,462.887,Passive,16.2284,143.0227,TypeC,2.7917,16.5655,52825981.7044
267.1083,251.2411,0.7799,850.2796,Fan,28.3751,73.9187,TypeB,6.2893,33.6683,12186622.5398
296.4279,320.2675,1.1629,833.2039,Passive,8.8638,135.6495,TypeC,1.5764,22.2627,60526835.4174
124.5375,282.0557,0.5353,650.6479,Fan,55.737,124.0505,TypeB,8.7619,31.8942,20592323.4447
97.73,463.7264,3.3391,436.1122,Fan,52.1944,67.2594,TypeB,9.6535,23.3677,10755020.2033
55.0906,273.6336,2.5145,329.8027,Water,42.7496,43.9975,TypeC,3.2207,23.8171,4037927.1462
172.7056,496.4711,1.1042,195.2869,Fan,7.2666,51.2032,TypeB,5.0509,27.6849,2901140.7747
256.4712,433.1412,4.8107,419.4079,Air,46.7768,120.1343,TypeA,1.1992,30.4895,388447285.0616
187.2854,143.8297,2.8835,471.8553,Air,48.6695,61.9637,TypeB,6.7664,15.6758,8968487.1937
203.1162,468.7678,1.5885,708.2406,Water,46.2981,80.8398,TypeA,4.7253,26.8631,50354982.1949
366.4555,102.3649,2.7527,692.3438,Passive,7.724,95.1869,TypeC,3.4305,18.7347,6457243.1383
171.8894,417.8524,3.5583,163.0973,Passive,38.9906,119.8015,TypeC,2.8615,21.919,95795082.9235
229.8963,221.2805,0.8431,455.7334,Passive,50.2252,52.4554,TypeB,6.8862,21.9594,11315143.0162
324.2786,445.0884,1.7362,263.601,Air,35.0639,84.7003,TypeA,4.746,24.3812,64320868.9997
188.79,440.6255,4.1313,241.1314,Passive,39.138,93.358,TypeB,2.6169,21.6827,89172231.476
267.7303,412.6664,2.5685,844.5719,Passive,28.0434,99.491,TypeC,7.202,17.1472,35424610.8826
351.8273,405.5137,2.9596,137.7237,Water,32.1937,130.0197,TypeB,6.0857,17.9126,84611333.1722
382.3322,187.1056,2.4477,477.2646,Passive,3.0282,58.8846,TypeB,8.728,15.6688,1072605.5413
101.4757,86.4137,0.6975,251.3833,Air,38.6988,128.8615,TypeA,2.0573,24.405,17229790.5811
374.3057,231.3411,1.2459,891.3972,Air,5.8054,116.2166,TypeC,8.071,34.089,5115324.2733
222.2407,128.086,2.5049,601.3365,Air,26.6659,101.1458,TypeB,7.0617,17.3135,9011220.6413
140.3855,362.728,1.4413,308.2426,Water,18.2667,116.9481,TypeA,2.0351,33.9253,37946790.7585
210.6975,205.7449,0.7249,552.1846,Water,33.1802,85.322,TypeB,7.2534,29.6672,11036426.0915
393.0114,489.0246,4.2964,758.3377,Fan,8.8716,55.2237,TypeA,4.9739,27.75,9417983.1457
222.4163,338.4374,4.9154,962.3062,Passive,41.807,113.2342,TypeA,9.5049,27.9056,28251468.9608
165.0631,420.1163,4.0691,298.4014,Water,47.9057,97.714,TypeB,2.2745,31.5346,96659290.6975
271.6903,109.6361,4.342,897.5636,Air,10.6379,110.3312,TypeC,6.7855,17.1384,4351952.2412
134.051,437.9065,1.5889,940.8737,Air,7.1545,77.1799,TypeC,4.4378,25.0951,4929172.4535
76.5522,465.2407,4.8228,924.7785,Water,9.5854,139.7553,TypeA,9.6113,28.9418,3936009.6666
95.1079,269.1779,1.3862,671.8729,Water,52.7505,104.6107,TypeC,3.9698,26.7364,26491594.701
94.816,322.8138,4.7814,666.8386,Water,32.1632,49.3943,TypeA,9.6597,31.6556,1807803.0858
103.1659,394.1644,4.9767,462.8896,Fan,28.5684,89.4784,TypeC,9.1134,16.4454,9309753.7702
98.5895,128.6774,3.7028,777.1581,Air,7.296,123.1992,TypeB,3.4334,28.814,2544469.5862
274.3062,276.1547,4.9151,578.1646,Fan,39.3238,127.3548,TypeC,8.2319,25.6806,36792069.7123
113.658,229.3984,3.0629,709.6943,Fan,52.212,94.4057,TypeA,9.9604,22.5832,9816224.0379
170.9835,115.8683,1.6679,485.6121,Passive,49.863,138.4222,TypeA,3.274,21.8055,35186762.9074
363.8759,215.3905,2.4665,758.3468,Air,37.9372,69.4435,TypeC,4.931,27.4167,25341740.0604
215.8866,80.6775,3.171,842.0244,Air,5.4414,85.1659,TypeB,5.6816,32.8199,873175.6514
283.6452,61.6154,0.8289,231.7926,Water,7.6314,138.8457,TypeA,3.6544,24.9235,4157777.1629
110.312,110.8248,3.3005,849.6367,Water,3.9092,138.5882,TypeA,1.1374,31.4945,4499852.7695
117.3012,483.4018,4.9153,586.2669,Passive,16.1913,115.4284,TypeA,2.9812,23.0431,28451436.5092
64.304,297.2883,1.3555,860.1993,Fan,9.004,134.4879,TypeA,3.5374,17.0479,5714564.8275
109.1273,484.62,4.0667,488.1715,Water,16.3428,49.7651,TypeA,4.9924,16.2301,5805640.5772
147.5066,244.624,4.5855,441.1364,Water,23.7184,135.1494,TypeB,2.5399,16.0267,40139671.6328
111.9537,190.3173,4.7467,923.5547,Air,56.636,75.2682,TypeC,8.8593,22.603,7173541.6084
81.0459,277.7638,4.8206,326.0523,Air,37.0122,59.6165,TypeB,7.3442,21.7448,4296570.0793
92.2226,247.7803,2.8466,859.7911,Water,50.2635,66.3307,TypeB,1.7668,29.3587,24034905.3791
211.2726,97.5491,4.8979,535.6185,Air,42.9107,85.9765,TypeA,6.8508,29.8564,7244512.9021
122.2168,338.3718,3.9079,562.6859,Passive,7.6377,67.6311,TypeB,6.8829,16.0171,2368556.3613
177.4945,147.2172,1.2275,377.6215,Water,44.4193,75.2624,TypeA,9.606,19.4225,6747101.0321
226.196,328.8146,2.6461,615.738,Air,17.2308,54.8476,TypeB,1.0272,20.4852,42871623.8205
291.6382,342.5905,3.7325,392.6901,Passive,38.7074,72.5794,TypeA,3.2314,25.9522,55803615.9657
63.7592,118.4112,1.613,135.3425,Air,21.1168,102.9512,TypeA,9.3501,17.8903,1450365.5183
329.7936,77.6073,3.3828,344.7987,Air,59.8627,88.6039,TypeB,9.3892,17.6788,11573706.5191
269.7651,401.3427,3.4997,105.7411,Air,16.5495,78.1391,TypeB,7.4853,33.8758,10595478.8027
78.6157,256.9102,1.2321,980.5193,Water,17.4687,122.1097,TypeC,7.8919,31.0841,4069426.3813
355.7525,76.1737,3.0429,969.1725,Fan,55.9097,138.2861,TypeC,1.8233,18.6131,99443916.4569
372.3053,497.6898,3.9723,455.6398,Air,2.454,123.2468,TypeC,5.6249,23.1314,8093168.7917
71.3773,76.0013,2.745,755.5338,Passive,42.1047,76.5201,TypeB,3.0842,22.1124,4029299.4858
146.9072,362.7659,0.5545,411.2255,Water,43.7943,121.8886,TypeB,2.631,30.8201,80785694.3767
332.1704,492.6555,0.5407,703.9838,Water,50.3463,56.7178,TypeA,8.2927,25.2043,31309238.8745
311.8909,157.631,2.1066,824.887,Passive,58.4919,54.335,TypeC,2.2153,17.557,47741452.0728
114.5824,114.0122,4.6679,952.0806,Air,58.5605,78.019,TypeA,5.2179,29.7798,7072588.0332
123.2723,104.6232,1.529,460.191,Fan,4.8513,128.8473,TypeA,9.4472,22.9378,701428.549
179.6652,186.4738,3.3546,804.9682,Air,49.4885,67.0983,TypeA,2.6725,20.2585,29059182.6635
219.583,95.4706,1.4993,339.3356,Passive,39.1323,46.9579,TypeA,9.8019,22.51,2046138.5302
266.3892,361.4726,1.9475,991.2991,Water,39.1932,54.488,TypeC,9.9486,24.9551,11203322.6953
179.1198,78.0313,4.3162,123.1926,Fan,8.5726,134.4619,TypeA,6.0006,21.8623,2248366.8216
211.8872,279.24,3.7799,643.1759,Water,39.361,109.7162,TypeB,2.5313,19.8381,82691094.1944
311.6148,498.5136,0.9293,693.5554,Passive,58.9665,67.8521,TypeB,3.8449,22.97,106927289.4216
62.8391,416.2866,2.4292,719.241,Air,54.7973,101.0825,TypeB,4.8204,15.3835,25484388.9336
138.3529,326.8487,0.6313,208.3488,Fan,26.9087,98.0338,TypeC,3.7839,30.45,21733551.5758
299.6724,187.8141,2.664,944.6768,Water,3.3569,112.098,TypeA,3.5257,18.4189,5020080.6879
363.3224,330.7531,3.481,263.065,Water,22.3753,65.6506,TypeC,9.7501,15.8781,13726042.8347
229.0871,287.1687,1.0333,660.4781,Water,49.757,135.0843,TypeA,2.3803,28.074,147158654.803
236.2397,241.7375,1.8,300.4085,Air,42.3884,74.0305,TypeC,7.6,30.4787,13871915.9787
87.5102,108.8197,2.2903,376.4948,Fan,28.1013,116.3545,TypeC,1.0037,31.2766,22683258.886
206.5943,448.9719,4.6379,591.8127,Air,4.251,41.7737,TypeA,6.3656,24.8702,1047046.3167
236.416,252.4031,4.9696,475.4741,Air,26.1868,80.9923,TypeC,9.2435,19.1074,10461699.203
134.8647,137.5801,0.7021,244.203,Air,28.6725,78.6881,TypeA,3.5914,29.7446,7250212.1961
144.2351,215.4917,3.9245,253.8428,Passive,55.7848,99.7833,TypeB,2.6697,28.9943,45974890.4932
182.0495,236.3584,2.1728,476.3303,Passive,38.8241,48.001,TypeB,6.8651,19.9254,6831941.0031
57.0249,422.3921,2.2661,781.5547,Passive,19.3875,126.9145,TypeB,7.4134,33.0682,5911556.5881
162.7277,380.1265,3.8942,908.1682,Fan,31.9938,63.9559,TypeC,7.1923,17.0874,12896406.6532
124.0068,396.1872,4.6329,175.7149,Air,4.8973,114.4742,TypeB,3.8739,34.6538,4957561.8821
164.6241,54.9641,4.7792,453.7935,Air,58.3815,128.3533,TypeA,3.2698,32.205,15533460.0319
91.9167,237.2693,3.0971,190.221,Passive,22.2435,101.8065,TypeB,9.6033,28.758,3690030.0547
361.6845,266.6049,2.107,114.9332,Air,29.1942,121.4972,TypeB,9.3097,33.775,26525796.4156
257.7574,58.6365,4.044,695.5468,Air,21.9618,112.8046,TypeC,5.1158,29.4462,5408575.8739
287.6858,166.9159,1.6295,642.2045,Water,41.2682,79.1083,TypeA,8.6157,18.8091,13869239.3453
326.2099,392.1304,3.0383,246.7172,Air,40.0717,128.9744,TypeC,5.0709,23.8431,106270422.0422
224.4548,111.6994,2.1136,310.4315,Water,43.204,72.4172,TypeC,4.8195,16.4301,12583158.9612
80.4221,290.8896,3.4548,121.337,Air,16.8205,102.8334,TypeA,2.4109,22.7931,13063874.9889
237.9873,146.8408,1.5818,851.4525,Fan,19.6244,121.9938,TypeC,4.8377,29.8321,13064971.1581
255.3944,55.4543,1.3622,977.2215,Passive,8.3898,81.6852,TypeA,5.8368,22.7289,1200199.9759
310.9038,158.5407,4.6321,221.9136,Water,39.6751,73.3044,TypeB,1.2025,21.6059,84077093.3348
201.0808,489.1432,0.9581,308.3277,Passive,3.348,90.5281,TypeA,4.997,26.9071,4192597.932
94.6531,410.6917,2.7768,881.5686,Water,36.2633,129.976,TypeA,8.0322,32.4441,17117102.9171
149.3216,481.8095,1.4938,933.8174,Water,52.3121,142.2914,TypeA,7.1204,15.9517,66778336.7733
177.0788,269.5343,0.6752,477.6646,Water,53.5591,99.9592,TypeC,6.7164,22.7094,29401852.2902
276.071,99.3813,0.6621,145.5602,Fan,27.4932,112.7613,TypeA,9.186,18.1648,7767824.0584
249.7724,296.5818,1.2885,135.4527,Air,28.0989,139.3601,TypeA,1.1623,28.9071,197805125.4339
174.6339,254.4698,4.4005,616.5549,Water,5.5412,50.8402,TypeA,6.0134,17.1145,1381050.3309
395.2803,429.9607,1.7712,453.6056,Fan,40.5751,65.5286,TypeB,8.0861,28.2962,31752319.3928
262.0212,94.1372,4.7771,125.7872,Water,49.4543,117.979,TypeA,5.872,20.7236,20203631.765
133.0294,269.7085,3.1173,624.9272,Air,15.4346,130.6119,TypeC,3.9151,18.9783,15790275.8037
85.6239,117.5219,2.4648,110.1723,Water,25.8568,134.2732,TypeA,2.2263,33.7271,11750872.9048
103.5007,196.1042,3.1104,808.6348,Fan,50.4915,85.6618,TypeA,8.9881,15.3705,8014605.2185
136.0852,381.8107,2.8251,375.7895,Air,52.7501,49.8274,TypeB,5.2369,23.7555,13645224.2978
106.2385,264.2082,3.9145,136.2322,Fan,15.3476,88.156,TypeA,8.903,15.4325,3518901.3603
115.2985,219.1497,1.7712,629.517,Air,33.4837,65.3808,TypeC,6.2727,24.6719,5490764.6629
149.7833,227.5143,2.0887,457.916,Air,12.3571,72.0316,TypeA,7.0677,25.0209,2800962.3142
110.6808,256.751,4.5234,976.4204,Passive,7.0108,124.9494,TypeC,8.2384,21.4332,2503326.2755
363.8679,403.2574,4.7591,589.7788,Passive,54.7561,48.308,TypeB,6.9324,17.6432,35539811.5714
78.0818,451.4381,4.5165,347.7153,Passive,49.4099,131.0339,TypeA,4.5825,22.5278,41239527.5467
233.579,479.9006,2.3875,738.495,Air,45.8421,87.0436,TypeB,5.6227,28.4453,53553726.5207
193.6389,404.1065,4.0116,344.3428,Water,3.8772,105.567,TypeA,8.2274,30.6479,2762718.1843
393.8325,191.9331,2.6435,913.819,Fan,50.78,49.8617,TypeC,4.3629,25.615,21331996.6544
89.2136,359.6606,2.7389,437.2498,Fan,26.8446,77.1095,TypeB,4.4931,26.7967,9645245.1174
189.2495,246.9214,1.4211,594.8817,Fan,21.2013,49.8671,TypeA,1.8612,19.0123,16424254.0709
389.3147,164.6018,3.1601,145.5158,Passive,33.2421,145.7698,TypeC,9.2313,20.7466,28850382.7887
352.9275,428.3922,1.3376,483.5091,Air,6.3898,128.7988,TypeB,1.8193,18.2379,58709930.3773
335.9752,67.2919,1.992,849.1272,Passive,45.6421,90.5596,TypeA,6.8339,19.9859,10656384.8797
140.266,455.7929,4.3476,825.0839,Water,35.3637,64.5963,TypeB,4.7188,19.4977,21607730.5356
109.8107,257.6649,1.4318,301.8867,Air,12.0088,142.6801,TypeA,4.6506,25.389,8569502.414
284.0251,336.7407,0.8202,303.4712,Fan,12.1057,77.9056,TypeC,7.116,26.2538,8404110.6204
375.2816,346.7093,0.8105,835.5748,Passive,11.8707,57.7083,TypeC,1.6038,33.8989,22929645.1773
244.867,452.803,4.7335,937.3586,Passive,4.3631,101.9481,TypeB,6.3434,18.9114,6332609.4758
250.0644,336.5014,2.7811,185.8248,Water,35.6801,143.8152,TypeB,7.9483,27.8335,43810683.2471
147.9927,326.2701,2.3424,505.0528,Water,50.5805,40.4213,TypeA,8.4539,31.3452,2622061.379
319.3225,79.9934,4.149,403.7089,Passive,2.0324,66.1937,TypeC,2.5348,26.2048,819008.9027
115.4653,283.2836,4.2612,883.6196,Water,3.8913,143.2292,TypeA,9.0768,20.1001,1726615.2563
163.2877,117.5761,1.9949,175.1724,Fan,34.7934,58.8195,TypeC,6.9053,20.251,3730951.3817
198.9028,381.8452,3.6213,290.0133,Water,49.3502,52.4568,TypeB,8.9367,15.7851,15380519.8141
227.6636,280.4999,3.9701,777.2215,Water,20.2776,102.7206,TypeA,5.3675,21.1089,19688980.6843
134.8434,356.1025,3.4459,146.1645,Passive,21.6272,134.8028,TypeA,5.8783,29.8921,18534166.1421
90.1929,68.7528,1.1822,543.2818,Passive,36.1844,92.4821,TypeC,9.2713,15.9504,1852187.0476
263.717,88.1564,4.4415,497.8963,Air,17.1786,149.4021,TypeC,9.0992,19.3859,5706554.8846
151.0207,372.3455,2.9259,400.9611,Air,2.5699,114.7089,TypeC,5.0334,29.1246,2457148.8774
253.4334,82.438,1.7711,455.1151,Passive,44.3785,48.1482,TypeB,3.4697,30.653,4675099.9629
104.027,82.0655,2.4135,576.9465,Water,37.9133,149.2115,TypeA,4.5385,24.1064,8921974.0559
218.399,55.4488,0.6691,245.2306,Water,35.2646,84.8684,TypeC,4.4899,28.9615,5317536.7805
236.4063,480.4256,1.0754,614.7963,Air,44.7594,71.6143,TypeB,3.5818,22.759,69339354.6965
68.1382,381.8788,3.945,824.8891,Air,40.8386,101.3667,TypeC,3.4172,18.1983,25862767.7742
167.8115,208.9631,0.5001,784.1448,Air,13.147,73.4738,TypeA,8.7496,22.963,2661423.7781
97.0451,183.441,2.3745,238.5099,Fan,21.7964,49.5103,TypeC,1.6288,26.5994,5457945.3088
72.1812,207.3665,2.8513,234.3245,Fan,8.4405,40.1571,TypeA,7.0985,33.9611,110274.651
396.4861,398.5941,0.7459,341.3569,Air,8.6616,89.4542,TypeB,2.5554,16.375,39146401.8715
162.8238,347.6168,4.8789,424.9673,Water,40.8955,132.055,TypeB,4.1006,25.1479,60346669.6034
333.4561,133.338,1.5176,467.61,Air,51.6574,102.9547,TypeC,1.5539,21.5784,120281827.9801
139.1242,128.3492,1.8689,711.7275,Fan,57.8012,149.9128,TypeA,3.4298,25.1662,37539857.7459
288.526,94.278,1.8677,151.0124,Water,38.0725,71.5531,TypeA,7.9158,15.4795,7336186.0643
316.0798,347.1362,1.5369,131.2054,Fan,11.862,70.8501,TypeA,8.9651,21.2605,7199296.0599
258.4736,393.9677,0.5066,452.7195,Water,7.2334,57.5724,TypeC,2.9937,31.3974,6440175.5171
215.0517,169.2709,3.7821,727.4473,Fan,48.9582,58.047,TypeA,5.1719,26.0788,11015867.1563
194.1443,59.4252,4.8508,274.0918,Water,35.1466,71.3705,TypeA,5.2329,24.0116,3669761.0442
172.1039,86.9773,1.5093,677.354,Water,37.4788,127.2124,TypeA,8.8622,20.7105,6742145.4862
375.3352,485.537,3.4837,333.8453,Water,47.1063,139.6332,TypeA,7.8652,20.9609,129526970.7812
340.7168,182.9501,3.8385,897.4775,Water,42.4934,147.2596,TypeC,5.6177,22.662,58748774.9333
387.7594,396.1504,4.3179,906.1209,Passive,50.233,65.5519,TypeC,7.0367,31.7114,37109002.8414
93.504,331.0986,2.4018,367.5585,Fan,4.3166,136.9427,TypeA,8.6262,34.3443,1589462.9377
305.8036,221.8728,1.8632,306.9944,Fan,45.1037,76.1081,TypeA,1.0859,23.7731,147489540.6872
378.4192,142.5593,1.9638,470.1736,Passive,51.2003,52.4125,TypeB,4.626,22.8671,17641092.1575
113.4316,104.6239,3.7068,316.4784,Water,17.882,135.7027,TypeB,9.1652,31.931,2402802.2974
73.2737,326.7558,4.1755,705.1455,Water,38.7864,109.9716,TypeA,7.6628,23.5381,10474794.4182
309.3922,398.5852,1.3173,843.4582,Fan,19.5356,58.1204,TypeA,5.8856,26.0404,13131093.697
251.0656,339.7569,2.1692,705.7829,Passive,57.5203,87.2814,TypeB,5.7668,19.6188,57569231.4374
344.6401,288.636,4.5587,841.9154,Water,2.972,71.5983,TypeB,4.1299,29.8701,2987137.5787
98.9203,68.8781,4.1301,457.2929,Water,35.2078,121.0474,TypeA,5.6847,25.6398,4026066.0238
328.3436,485.8199,4.9319,240.6853,Water,10.8237,89.8758,TypeC,6.8984,31.1807,14690381.5584
120.5696,409.4214,3.8941,764.1559,Air,43.021,148.8208,TypeC,4.7653,30.6147,52679118.8629
107.2796,181.7699,2.2694,424.4271,Passive,11.3775,46.0219,TypeA,7.4274,19.3001,798205.7535
107.493,490.9866,3.1579,704.1437,Water,14.8876,79.0517,TypeA,8.7511,29.3127,4465899.2149
335.1012,320.8467,3.4746,343.5795,Air,30.1679,93.009,TypeB,2.3922,31.0011,84075251.8857
282.819,312.0902,0.8531,173.1067,Passive,54.9753,95.3447,TypeB,5.0639,21.9221,70355970.8789
233.0729,386.6329,2.9502,993.3236,Water,13.4911,74.7529,TypeC,4.6722,18.4522,14649753.5185
175.5907,415.2964,3.6919,240.5814,Fan,9.5102,120.2164,TypeA,7.1872,15.0526,10147425.3991
357.0202,345.4154,1.2529,989.5789,Air,45.7796,136.2222,TypeB,3.2488,24.0181,194980971.0651
187.3558,107.6431,4.0128,979.5519,Air,30.5366,143.2591,TypeC,6.7623,22.0487,11038739.1168
335.8098,202.2204,3.127,814.4363,Water,54.7953,128.5603,TypeC,8.8974,26.0982,42851080.5056
203.6972,467.6376,4.785,693.4807,Water,9.6503,133.5638,TypeC,4.7632,18.7608,22155916.3367
181.9306,151.077,0.6909,620.0263,Air,39.1097,100.56,TypeB,9.1991,32.1933,7988916.2093
211.9379,217.4752,1.694,879.4914,Fan,14.7399,130.8477,TypeB,9.9385,20.1551,7566772.0201
155.4823,244.4346,3.207,360.4956,Fan,10.2489,73.3854,TypeA,1.9548,19.5286,10731467.3345
311.6633,247.7322,1.8345,520.9131,Passive,41.3223,83.8327,TypeA,3.0975,24.6143,60995523.7404
225.9521,325.8228,3.7149,657.451,Water,36.0274,74.8604,TypeC,9.5534,24.977,13849333.065
131.2744,474.3841,3.9155,470.0714,Fan,45.5348,91.4126,TypeC,9.6249,19.3017,21245076.0271
364.8511,158.3117,0.9613,484.7378,Passive,19.2583,71.4138,TypeB,1.8794,20.4372,30171594.5881
184.3619,104.6756,2.8123,397.2562,Fan,27.4303,145.7773,TypeB,1.135,18.3941,59410537.9305
240.2435,138.8617,2.79,607.8086,Water,24.9228,74.4129,TypeA,2.4499,29.3692,15286802.5477
367.2652,449.1162,2.1618,865.5171,Passive,59.0613,50.7849,TypeA,9.9641,30.4018,19928456.3326
268.4833,340.6149,4.6982,281.3755,Passive,18.2427,97.9499,TypeA,2.62,24.2466,46930553.6364
90.9143,178.6581,4.2238,940.9897,Passive,18.3942,46.2809,TypeB,5.5229,29.2817,919596.0946
378.9412,417.1761,3.6374,720.1789,Fan,21.9183,52.1597,TypeC,8.6358,29.7187,9004046.7803
269.6978,437.6165,3.7145,840.9459,Water,34.3111,64.1328,TypeA,1.1836,17.7655,158639957.426
167.217,430.9315,2.5777,600.5716,Passive,15.887,91.0785,TypeA,6.4404,34.3236,10088371.9439
98.7452,463.5169,4.6445,801.565,Air,55.0021,87.6576,TypeB,3.4932,31.4206,40528406.8162
327.9088,163.5085,3.6257,114.5804,Water,16.6754,127.9661,TypeA,8.761,19.0897,11110912.7883
267.0255,389.7689,3.7804,836.5424,Air,53.8531,121.3422,TypeC,3.5512,18.7233,161965625.088
236.7114,257.2428,4.3776,136.125,Air,7.105,86.895,TypeB,7.1808,17.5132,4180220.7451
362.8624,428.8993,1.7333,900.922,Passive,39.7372,76.7075,TypeA,7.068,17.7676,51571221.9825
326.009,377.8208,4.1318,992.7665,Passive,54.5121,74.8116,TypeA,2.9934,29.9632,100598282.3215
103.0862,399.4014,1.3786,364.6607,Fan,10.9562,125.1395,TypeB,1.3132,24.3931,34607380.4565
159.1027,345.2728,2.054,289.2867,Fan,58.1313,45.728,TypeB,4.6832,30.6587,10275437.5841
136.9712,129.8429,2.0102,788.827,Fan,27.7201,41.4104,TypeA,3.6027,29.9251,1571652.4145
310.3812,295.2621,4.9034,327.7237,Water,56.7972,127.5099,TypeC,8.2808,27.0923,63120085.7655
61.7364,493.1014,4.3544,879.0061,Fan,40.9324,92.4861,TypeB,8.2033,28.7273,9684925.5497
249.4614,471.8246,3.6553,192.5583,Air,18.7936,54.3969,TypeC,5.1132,15.3671,16884859.8602
316.8605,69.4282,3.7718,213.3597,Fan,12.1098,65.9123,TypeA,6.4586,21.2356,1842823.2304
356.868,124.1667,3.0293,981.2364,Passive,18.9204,142.5754,TypeC,6.4383,27.7564,14951529.0994
169.7286,109.2779,4.7619,706.455,Fan,6.488,134.5453,TypeA,8.4444,15.1869,1700914.1814
337.4401,376.691,2.7332,862.1985,Water,9.4882,118.0764,TypeA,4.825,15.6595,25600006.4231
88.7211,418.0034,2.2123,391.8964,Water,7.175,93.0448,TypeA,3.479,32.0378,4666098.2371
346.2583,146.0801,1.2337,708.8354,Air,25.9537,97.2356,TypeA,3.3853,28.6805,26584784.1018
94.621,277.6337,4.0379,634.8176,Water,47.9391,147.2769,TypeC,5.8257,20.3074,27447379.2916
189.0506,428.3164,3.805,642.8351,Fan,9.3416,146.2347,TypeA,5.0423,28.7593,17623099.0486
329.0534,379.7607,2.2296,714.2792,Passive,8.6889,63.6796,TypeA,4.9611,30.8491,7185230.6972
102.4711,294.0067,0.6134,617.8233,Water,38.9623,129.2215,TypeC,1.8202,21.1359,69703075.2755
130.238,315.6565,4.2755,486.1561,Air,12.6338,61.6967,TypeB,7.4674,15.7207,3197777.3442
302.7884,278.7622,0.5514,348.3304,Fan,6.759,63.4891,TypeC,2.9236,33.6556,5821592.6882
302.0128,183.8968,3.6666,791.7232,Air,10.8441,114.3702,TypeC,2.7726,21.9036,20085872.6901
274.4017,304.2599,4.8662,303.6452,Water,55.5002,84.5501,TypeC,4.7148,17.1296,66260507.5307
292.882,359.9984,2.4695,723.1189,Water,49.4668,142.4699,TypeA,3.05,24.8371,201157238.1429
239.9536,442.9953,1.5574,309.9995,Air,21.8898,49.7911,TypeA,6.2547,30.3694,7225184.4658
138.1297,336.3311,3.6719,662.7972,Fan,39.6934,96.2678,TypeA,4.3432,19.4329,32622789.8645
170.9936,392.5047,4.1771,772.3704,Water,32.6993,141.0374,TypeB,5.0402,20.3898,52533228.2977
113.5592,122.0322,2.9589,296.8425,Passive,40.9503,139.4525,TypeA,5.8345,19.8543,11632547.9694
367.9577,257.7009,4.8517,153.949,Water,41.2776,57.2182,TypeB,2.8318,34.8335,30939762.0951
254.1871,54.1992,0.7325,217.8764,Fan,38.0953,80.3301,TypeA,2.4018,18.9481,13412878.0173
190.298,161.0055,2.7716,645.3973,Water,16.7,108.1034,TypeC,8.9238,26.5104,4678369.0753
211.702,376.9078,3.733,864.5018,Air,3.3014,57.5334,TypeA,4.9035,33.5053,1290837.2341
381.5492,496.3145,4.3819,140.4971,Water,27.8784,146.4824,TypeB,4.7088,17.9379,144118127.3705
103.673,94.6301,1.3067,760.7361,Water,53.5675,140.6224,TypeB,1.3205,34.4171,42267263.1549
255.1804,230.6724,4.1,407.1868,Fan,34.6003,58.3645,TypeA,5.4818,33.9495,9071024.804
227.061,410.0319,2.9872,530.6755,Air,50.1111,53.3271,TypeC,5.9875,32.6914,16079324.7661
264.009,141.816,2.2845,935.9736,Fan,59.5058,49.3949,TypeA,6.0296,19.2911,11123362.2207
56.3386,299.7882,1.0927,398.7744,Water,10.6534,140.0388,TypeA,7.3633,27.6811,2745611.9993
355.2434,379.8821,4.3938,518.8032,Passive,41.8149,61.2986,TypeA,2.5973,30.2178,67526771.1189
376.2414,327.1935,1.2077,112.3142,Water,40.7833,85.7913,TypeC,3.27,34.7206,78411122.5008
247.7966,134.6111,1.894,173.4388,Fan,58.8174,89.3737,TypeB,8.2966,18.6085,16734071.6971
293.8278,209.9231,1.8052,332.7324,Passive,59.1504,105.8912,TypeC,9.5245,30.3205,28948232.982
372.8748,402.7063,4.4214,125.067,Fan,41.514,47.8909,TypeB,2.2234,21.776,73217821.7032
297.5335,299.4019,3.5272,668.2378,Fan,15.3733,64.9434,TypeB,5.4788,18.5125,11605909.5131
103.3887,52.3533,4.0851,483.7585,Air,48.1148,142.4639,TypeB,2.9276,23.4275,10589217.4577
251.7009,392.4458,1.6271,593.3307,Passive,7.3147,139.9251,TypeC,1.5407,30.8767,51140172.4589
262.3503,65.8901,3.3119,257.1825,Water,47.0613,125.942,TypeA,3.9295,24.297,21043325.7777
198.4457,385.5802,3.0729,366.3388,Fan,54.7016,42.1341,TypeA,2.2932,25.7505,29903625.8184
307.7555,141.1163,4.2477,697.442,Water,23.5872,75.9707,TypeA,7.3894,34.9032,5693095.6847
377.0285,481.1331,4.5774,968.7725,Air,38.2075,109.0755,TypeA,5.8035,22.9822,102817586.1568
373.949,215.5733,0.5547,145.3751,Air,26.3784,70.2709,TypeA,2.2945,27.308,39816338.718
207.7938,197.1192,3.5331,901.3459,Passive,26.8281,140.0545,TypeC,1.0832,22.3049,119454418.5808
89.6333,116.9996,0.7333,619.1931,Air,19.3119,109.7278,TypeC,8.2734,22.8557,2126547.3879
394.6944,187.5219,2.9699,607.5276,Air,45.9656,47.9097,TypeC,2.5857,28.9128,24994847.6459
343.6143,444.4928,1.7943,550.2507,Water,56.2344,139.9906,TypeC,6.4559,33.7577,141331923.0183
93.6319,498.3505,1.8805,162.4547,Air,56.5043,145.3543,TypeC,4.0323,25.8472,78141385.2031
372.2947,215.7393,2.0883,180.8892,Air,11.3121,48.5484,TypeC,6.2694,30.368,2634734.2025
354.4637,251.8748,3.2958,640.8208,Fan,52.6099,98.5596,TypeC,3.8409,16.7841,100003262.6789
231.5933,374.9319,2.0032,406.8627,Air,44.5085,73.3701,TypeA,1.7825,19.2232,117399271.2416
256.9464,448.7881,3.7971,925.5413,Fan,15.9174,83.2123,TypeB,3.0066,25.0426,35512166.727
189.6509,316.87,2.3204,465.9315,Air,4.9698,59.7616,TypeC,2.6925,15.4002,4920672.6598
69.1666,226.1866,0.8076,228.9533,Air,16.8118,103.5879,TypeB,4.8522,20.0571,4527781.5165
167.319,235.6798,4.0269,743.247,Passive,54.8203,145.3777,TypeC,6.9246,25.348,37471670.8291
330.9987,363.0282,1.7859,364.0181,Passive,38.3575,95.338,TypeC,3.3743,15.2992,109328608.5873
51.6212,51.4482,2.4475,572.9233,Fan,43.5422,49.1206,TypeA,1.1086,20.2909,3007280.2223
166.7247,328.8152,3.5845,728.0495,Air,16.172,108.2001,TypeB,5.6704,25.2806,12964582.6692
189.359,209.9719,1.9961,910.2377,Water,43.4439,77.4245,TypeA,6.4518,26.463,13643859.5849
238.0885,407.3888,0.7546,812.9721,Passive,2.6592,134.1518,TypeA,9.6658,33.515,2685452.7798
371.9495,91.8458,2.1826,708.725,Water,23.144,87.8146,TypeB,6.3052,27.9069,7512171.266
171.2211,314.691,4.75,711.6699,Passive,37.9784,61.2124,TypeA,5.2406,23.2947,14806051.0777
171.4336,266.4378,3.3878,951.3322,Passive,9.6197,61.0216,TypeC,6.1606,33.607,1955294.6616
308.1254,339.0465,3.5217,366.2417,Air,49.5572,124.5641,TypeC,9.3511,30.6977,51968596.3796
208.2763,79.1841,3.3453,101.0009,Passive,14.8668,69.2146,TypeC,8.4554,19.0002,1456094.1531
128.6117,310.9927,1.3955,344.7591,Water,39.4846,124.3957,TypeC,3.9068,17.6168,43164098.9993
208.3538,302.6681,2.3825,296.1022,Passive,24.9066,62.6476,TypeC,3.1353,28.5162,17098480.6878
99.3,302.297,3.8792,695.6511,Fan,36.1666,75.3855,TypeA,3.3637,26.1977,15875627.9291
111.7354,321.5694,0.9562,670.3404,Air,7.3396,91.2036,TypeA,5.5398,30.7935,2875764.8034
224.4287,354.4106,1.7503,634.1152,Air,1.9979,143.7515,TypeC,7.6964,29.7761,2353327.3247
196.6239,412.245,1.7434,114.6191,Fan,54.6643,142.4905,TypeC,5.529,27.5042,92149928.7397
370.1961,171.4193,2.4441,755.9002,Fan,16.9082,62.7559,TypeA,1.6102,34.7276,18676946.1986
176.8379,421.2722,4.9117,391.1774,Fan,49.3609,79.4041,TypeB,7.5122,25.6718,26302044.5053
253.2059,274.2151,0.8038,698.5504,Passive,59.9617,56.4339,TypeA,8.2537,17.2621,19758955.0581
271.2925,84.6762,2.8342,600.9206,Air,13.4744,96.0984,TypeA,3.6055,31.5655,5540184.9788
54.5831,76.3479,1.3071,408.4578,Fan,16.6451,90.6641,TypeA,6.9771,20.0371,702162.3094
282.2381,200.4072,4.868,221.1186,Passive,40.1087,139.0836,TypeA,4.8393,30.546,50882121.9231
112.3126,403.2036,1.0099,184.977,Fan,57.9615,142.3006,TypeA,9.0021,34.1421,31536197.0776
386.3746,368.4564,2.3162,848.3665,Water,55.033,82.1924,TypeB,8.607,28.9359,48477328.5877
102.032,404.8767,3.8205,926.5578,Water,30.6697,94.0912,TypeC,5.7289,26.9206,14855138.2578
195.1184,282.7711,3.6705,684.8092,Air,47.9115,138.586,TypeC,7.2235,24.2077,41857084.5529
79.8724,248.0895,2.4023,193.0907,Passive,9.009,128.7379,TypeB,8.9501,22.2882,2123235.9509
398.906,116.3536,2.0594,461.8245,Water,58.6689,40.4022,TypeC,5.4615,22.0601,9145247.3881
225.7683,197.6867,2.2893,756.0453,Water,57.8968,75.2066,TypeC,3.8193,27.7275,32122821.1967
258.3848,245.3087,1.6892,801.8388,Passive,10.66,86.3952,TypeC,7.783,30.0255,4893682.7417
73.4768,89.8702,1.424,206.3968,Fan,18.666,65.2688,TypeB,2.9806,28.5703,1517615.7323
312.4862,149.2754,2.6737,100.0276,Passive,6.9091,61.9529,TypeB,4.4968,18.9682,3080710.528
123.467,319.2014,1.7084,740.9233,Fan,17.0313,44.1563,TypeC,8.7915,24.8797,1471739.4706
364.319,381.0484,1.7936,420.9366,Water,49.1414,110.7707,TypeC,7.5198,30.8328,72519689.0993
121.7989,499.2564,3.4554,329.0332,Water,23.3206,68.8761,TypeC,4.6343,24.5141,13574808.1345
116.7407,469.901,4.8584,111.6077,Water,6.2154,45.7582,TypeA,2.9327,25.7325,2328186.7455
62.7924,339.1543,3.2164,586.2695,Air,21.1913,65.4077,TypeA,4.2037,30.4227,3755884.0249
215.2234,239.5616,0.8464,866.0357,Air,58.9016,128.2105,TypeA,3.5569,28.2253,85368539.0545
247.6944,336.2798,0.8401,961.8685,Air,38.1513,133.6638,TypeB,2.5848,23.1869,135822225.9842
72.998,403.5432,4.7814,609.1705,Passive,25.5535,93.1373,TypeC,7.69,32.9083,5895636.5215
321.4347,103.2513,1.8378,563.0152,Water,10.8258,85.7678,TypeB,3.2686,18.2513,7421580.9844
208.6511,234.4572,0.9143,176.5507,Water,59.1844,147.5639,TypeB,5.0875,34.9103,64110941.4573
233.5366,427.911,3.1957,593.9855,Passive,49.4301,62.0621,TypeB,4.4727,17.3771,49350537.34
204.267,222.7248,3.3064,441.9812,Air,17.6072,63.6895,TypeC,9.8387,15.299,3939848.0892
190.2671,307.3425,3.4183,646.4218,Passive,5.1341,72.1054,TypeA,4.5198,32.8004,2610833.7892
245.8741,314.4962,1.7033,449.8537,Air,4.3409,59.0033,TypeC,1.7198,19.8991,7632264.7631
104.3341,133.0143,0.568,316.2692,Water,8.1023,81.7302,TypeC,1.8084,29.594,3241737.1841
113.6748,213.0059,4.8426,185.4687,Fan,35.2653,140.1918,TypeB,6.3168,31.2203,14730558.6267
351.625,200.5301,1.629,383.4266,Air,55.797,107.6883,TypeB,6.3943,32.1797,46459397.6361
381.1404,61.7885,3.5421,186.9804,Water,30.3079,85.3141,TypeB,4.7688,34.8319,7555751.1787
180.6583,60.8863,3.6798,259.2073,Water,50.7338,142.7852,TypeA,4.8866,20.8808,13921546.6025
144.7606,424.2637,3.245,988.6025,Fan,27.3073,45.3311,TypeA,1.4854,29.2049,18207638.9648
275.3998,172.8819,1.9081,499.6932,Water,42.8064,63.1304,TypeA,5.6489,17.308,16532395.9559
193.057,283.1354,1.7199,578.6846,Water,44.1805,102.2477,TypeC,5.5427,23.1362,34468993.1617
58.8852,184.4265,3.1895,886.2567,Air,11.2639,107.7108,TypeB,2.3459,31.9594,3950021.263
104.6534,473.3057,4.3974,996.012,Air,22.3117,44.3513,TypeC,1.9346,22.3532,12566713.8871
300.5903,166.6835,4.7603,624.443,Fan,38.6008,84.3343,TypeA,2.1122,26.8219,52661149.0888
280.6234,243.3456,0.9766,831.2264,Fan,5.1711,111.4069,TypeB,1.9093,25.0755,15967058.9156
59.4836,442.7286,1.1967,394.2469,Water,22.3309,116.7878,TypeA,6.4874,27.919,8056004.2889
127.6903,428.8701,4.7513,375.1696,Air,32.5532,110.1954,TypeB,2.7683,34.4579,48772517.7704
130.8762,133.7456,3.8144,462.4333,Fan,59.7772,75.262,TypeB,3.2629,16.1147,18967360.9616
285.1625,411.1895,4.4735,705.2565,Fan,28.9975,50.2872,TypeC,2.5621,26.4792,31595252.0384
56.8987,256.1841,1.4118,713.9725,Passive,49.1473,86.9824,TypeC,9.6205,32.2606,4074899.5773
86.438,267.336,3.1441,383.7155,Fan,26.492,54.163,TypeA,8.6916,24.6277,2080264.4955
329.9706,110.066,3.6551,219.8889,Water,47.9871,144.2386,TypeC,3.0745,16.5705,72370376.6568
112.4906,86.2707,3.5605,669.1566,Air,36.1295,92.2688,TypeC,3.9481,26.2108,5866496.0547
278.4611,377.5727,2.3367,215.4933,Fan,53.3091,74.8985,TypeC,2.889,21.6415,103322671.65
133.364,273.4075,0.5693,620.6433,Passive,25.2456,124.2934,TypeB,5.4269,18.0988,18012970.9177
84.8045,246.5828,3.1232,724.0799,Air,36.654,94.7743,TypeC,1.1765,31.9807,40909719.7021
135.1103,378.2787,1.639,730.5503,Fan,38.1711,74.1037,TypeA,7.0423,25.432,13483325.3835
302.7934,394.4808,2.5261,778.1249,Passive,25.6256,129.3165,TypeB,5.7084,33.6655,51288669.7334
349.4938,121.5087,4.8091,885.5735,Fan,9.5144,135.3867,TypeB,9.0878,31.1203,4635684.5392
340.577,324.6013,2.2957,549.9631,Air,6.52,114.0309,TypeC,2.4795,28.8594,24759584.3351
189.0142,110.9093,4.2791,757.2243,Air,1.9836,45.1661,TypeB,8.237,15.1005,151780.9636
283.8298,388.1188,1.3484,657.2555,Air,52.5385,102.2955,TypeA,8.1276,23.5565,56069658.8442
121.7445,345.6298,3.5261,267.9759,Water,14.952,123.9624,TypeA,2.1446,18.9497,30807420.8941
152.6017,480.4766,4.8965,123.1207,Fan,13.4789,55.0153,TypeB,4.587,33.216,4696776.2652
363.7175,81.0311,0.9585,356.0872,Water,44.4261,65.1538,TypeC,2.5314,18.4917,24135573.675
54.5507,75.6746,0.5374,498.7303,Air,19.881,137.0745,TypeC,3.2925,20.7212,2900291.2263
79.928,176.9842,2.4511,655.3953,Passive,30.8566,42.2134,TypeB,3.3692,25.3367,2186463.6027
122.7602,167.7676,0.9168,864.9634,Fan,10.5882,122.8,TypeA,6.0061,20.2673,3722696.6646
59.2863,161.1405,3.8677,276.6211,Water,57.625,92.1151,TypeB,4.7027,19.1973,8536036.7278
113.5024,457.8146,4.6155,212.9948,Fan,51.2433,89.1449,TypeC,9.5296,26.982,17369542.0457
254.0645,162.2958,2.4531,967.132,Passive,51.9636,40.7806,TypeC,2.1373,16.7786,24062039.964
197.4986,172.3774,1.6642,197.2401,Water,24.9997,130.1338,TypeB,9.7632,16.1634,9935255.2901
362.4351,391.7292,2.4548,530.642,Air,45.9793,79.5807,TypeA,3.0757,22.4449,121267071.8375
336.1052,252.3829,3.7555,627.0074,Water,9.4887,99.4842,TypeB,7.9559,29.4133,7089086.1452
169.6361,399.5198,0.5407,587.237,Fan,1.5085,114.5031,TypeA,4.0507,26.0961,2231302.6176
140.7982,79.4148,3.1525,177.4289,Fan,2.1784,117.2893,TypeA,2.2877,23.4575,999049.8362
182.8923,269.407,3.2598,151.3242,Fan,35.6095,145.1578,TypeB,8.721,26.315,23909845.0692
256.6032,65.1261,3.3696,194.9351,Fan,27.8683,98.4474,TypeB,3.7797,22.309,9381537.7892
143.8223,78.1939,1.5891,627.0289,Air,31.5629,83.9692,TypeA,6.9297,33.7229,2573745.8362
268.4521,457.8969,3.7132,589.9104,Water,1.4403,144.9074,TypeA,6.098,16.0981,3739790.4627
193.2941,112.6604,0.9113,310.3667,Air,25.9385,110.6321,TypeA,5.2458,28.4678,8847206.7297
243.2165,289.5893,1.3967,673.9967,Air,43.366,72.7965,TypeA,5.4624,32.8257,22350346.0776
202.6443,234.993,4.4486,838.0608,Air,27.1189,53.9111,TypeC,7.5901,31.0777,3884941.4208
153.063,206.3045,3.8243,137.4211,Fan,44.2009,132.681,TypeB,1.79,18.6808,88891987.572
381.9587,454.925,0.5619,548.3169,Fan,14.7481,79.84,TypeA,7.0136,20.9185,21529060.8301
317.262,59.8205,1.6177,720.3794,Fan,48.9754,112.6517,TypeB,9.0623,29.341,8544928.5687
99.0396,348.7054,1.4648,327.0807,Water,35.7174,91.7898,TypeA,1.5201,16.6854,60945354.8336
353.9638,483.5275,1.7186,376.9938,Passive,13.435,61.8823,TypeB,2.2659,31.2372,31098396.9064
220.6009,302.0757,1.614,652.2741,Fan,14.9665,106.1855,TypeB,7.4497,29.3781,10282710.3043
363.0933,471.5701,0.7814,908.1418,Water,38.0538,46.6751,TypeA,4.9355,29.5921,22552542.6015
329.9493,73.516,2.5652,828.932,Fan,49.9664,85.4677,TypeA,4.6319,17.0048,17914440.8516
198.8247,238.457,3.7973,624.8172,Fan,25.522,100.1276,TypeB,2.2327,29.3552,38355589.9524
57.8643,167.071,3.2303,757.1995,Air,16.2397,87.9652,TypeB,5.5609,28.5964,1676111.722
144.0371,378.8694,3.5279,428.3402,Air,52.1537,122.3539,TypeB,2.1389,31.6184,120735720.9666
239.572,491.5837,0.8652,676.869,Air,40.4868,131.0717,TypeC,5.2896,15.8319,103878734.1722
271.7174,165.4385,4.7817,519.5634,Water,27.437,124.8367,TypeA,7.8725,15.4622,17135392.9707
140.2607,344.3786,4.2732,270.9425,Passive,29.7861,44.2694,TypeC,3.3244,22.4601,9438745.0227
98.7746,139.1439,4.1229,731.5644,Passive,13.0511,61.3542,TypeC,5.3271,17.9758,1460626.7448
342.2256,304.3986,4.2034,600.8182,Water,37.9814,99.0268,TypeA,9.9281,26.1677,29036466.989
394.5408,258.7696,4.6972,422.7594,Fan,22.1658,142.8304,TypeA,7.1799,33.347,34507894.8545
233.9916,487.4024,2.9491,920.2053,Water,59.7431,131.8452,TypeC,8.5722,22.8296,86650692.6419
110.0878,323.8373,1.4013,118.8407,Fan,29.3308,132.6788,TypeA,4.7336,31.899,22262396.1817
145.3076,207.2779,3.2755,384.1958,Water,29.6673,73.3529,TypeB,7.9107,15.0048,6590694.1288
56.4367,101.3431,3.843,151.1933,Water,34.3853,87.2393,TypeB,1.3646,18.3703,9925377.2827
370.0046,118.0611,3.8206,789.8746,Water,55.0886,91.7777,TypeC,2.1062,15.6085,87027292.0199
91.2129,151.3926,2.8465,731.8967,Passive,48.2483,57.3109,TypeC,2.8276,21.5629,8423192.0636
251.7808,162.935,0.8081,398.217,Air,27.6167,43.4175,TypeA,4.6176,33.1638,2515782.3951
145.9193,432.7772,2.17,708.0966,Water,43.4033,144.1593,TypeA,8.6117,16.939,40491828.0736
243.9623,302.5503,4.6434,456.3435,Passive,35.5879,66.4784,TypeC,4.1164,27.1282,25110308.1912
277.9971,285.5259,3.13,780.6284,Air,30.0497,66.3944,TypeC,6.8916,24.0299,14662497.0578
340.4096,101.646,2.9225,508.7653,Air,12.3466,49.1717,TypeB,7.3838,33.7694,891138.3294
122.2474,437.0629,1.7098,471.0518,Water,28.3722,142.1359,TypeB,6.2756,17.4504,30118773.5808
53.8485,375.2664,2.158,941.2569,Fan,15.5033,103.7711,TypeA,4.2152,19.2406,6282502.8521
97.91,80.4508,4.5291,325.7912,Fan,54.9757,113.3741,TypeB,6.1935,15.5908,6836860.7327
365.0065,368.5258,3.4991,208.4026,Fan,20.789,140.2735,TypeA,4.0804,23.6787,79905843.101
355.8615,294.5922,4.0432,626.0888,Water,57.1836,78.0182,TypeA,1.7549,20.5567,196290068.4806
259.0946,86.7764,2.5446,972.3896,Fan,32.4503,108.3658,TypeA,9.9352,32.3981,5578675.1211
260.1809,256.2353,3.3361,440.0553,Passive,38.2611,44.2679,TypeB,2.1446,27.0988,20420814.091
282.7628,268.1133,1.6177,155.8331,Passive,33.0335,60.545,TypeC,1.6511,27.2818,50452869.5594
111.3799,124.5985,3.6746,405.3747,Passive,8.6335,131.437,TypeC,8.9068,25.6382,1423198.8115
370.0442,475.5642,2.4242,555.3385,Passive,23.1735,124.3445,TypeB,3.7165,16.837,117966586.6606
196.5697,432.4889,2.4915,245.7307,Air,6.8496,78.5707,TypeC,6.8527,23.9004,4645650.0131
184.0985,351.0601,3.422,692.292,Passive,37.7543,81.4492,TypeA,3.9611,34.9901,28618912.7446
231.6212,258.033,4.7133,997.9745,Fan,27.3656,98.691,TypeC,4.5231,31.7046,24221943.2652
66.4381,235.2945,0.788,506.5655,Water,46.9011,40.0265,TypeB,3.359,32.8692,1562252.4901
108.1992,342.9381,4.2113,419.2557,Fan,14.0078,66.5369,TypeC,4.0874,31.4645,4459930.2269
308.3118,295.4443,1.8157,460.6338,Passive,10.7094,62.9055,TypeA,4.6963,17.0608,9522789.9623
78.9795,78.0229,2.4976,203.6316,Air,24.9736,67.5531,TypeA,7.4837,19.549,987141.8903
261.1032,280.6262,0.5986,894.9462,Passive,55.6685,128.6496,TypeB,5.6038,15.0624,82679281.9708
135.8722,412.8816,1.8547,473.3431,Water,42.9149,70.7641,TypeB,9.4921,21.0702,12603902.0127
186.2535,256.6579,2.7618,448.547,Fan,25.7165,61.0673,TypeB,1.3769,17.1721,39190930.2669
151.0428,73.3805,0.7528,693.7212,Water,31.5191,95.469,TypeA,5.5276,24.4559,4488036.3544
174.4855,403.8252,2.7099,497.8301,Water,5.9686,135.221,TypeC,6.258,28.5425,7169131.9763
301.6661,140.6137,4.672,683.4101,Water,59.09,66.5485,TypeC,9.2818,32.4901,9197296.1383
153.9926,166.3794,0.9743,155.3017,Fan,40.318,48.639,TypeB,1.4424,29.9843,13359830.2943
248.2416,124.1179,3.94,832.351,Passive,17.8388,79.2045,TypeC,6.1615,33.7717,4052823.282
216.6176,198.5968,2.3435,946.4536,Water,35.5627,122.2417,TypeC,8.6827,16.078,18706044.4788
282.2849,390.5382,3.4483,683.8888,Fan,7.4595,100.576,TypeB,3.1773,15.2436,22085977.4149
377.8904,283.7236,1.6711,959.1093,Air,57.9844,129.8473,TypeB,8.8866,28.2268,71091582.8022
306.4002,142.1966,1.2177,236.2891,Fan,11.3123,145.5551,TypeA,1.1714,20.787,52496157.0918
125.2291,445.0235,1.2221,529.6746,Air,39.2338,127.1929,TypeA,7.5921,20.07,30850981.1033
60.9141,445.8118,0.8172,641.6261,Fan,15.4818,106.4183,TypeA,9.398,21.6177,3793624.3877
141.7924,441.7603,1.3354,623.563,Passive,43.3361,94.2676,TypeA,6.9148,20.3959,28999327.9007
258.2773,157.4583,3.489,461.3156,Water,46.8325,44.4076,TypeC,4.9513,25.2287,7377404.4165
67.999,253.0577,4.4676,404.276,Passive,40.7318,148.2754,TypeC,1.4039,23.803,62143051.3951
223.7282,493.2453,4.1636,214.1416,Fan,37.2555,82.1829,TypeA,9.281,25.2486,25220476.8326
258.895,397.4056,3.5831,452.5682,Water,53.6557,56.7451,TypeA,5.2327,28.4543,29846465.1251
166.9854,62.2253,0.9969,246.3947,Air,5.639,113.338,TypeB,1.261,22.7426,4209578.9125
319.8193,79.3421,1.8013,760.9291,Fan,20.524,71.2717,TypeC,7.2084,20.0262,3702433.1204
87.3094,258.7691,1.8941,287.9478,Water,15.649,104.4356,TypeC,5.3365,18.324,5705124.8722
76.2982,459.1491,1.6248,152.7088,Air,59.2928,104.5445,TypeA,2.1191,21.9895,80921126.4401
304.8661,292.4158,2.8175,597.1295,Air,23.974,89.0303,TypeC,2.9284,29.8361,43201540.008
223.422,274.0156,2.91,635.7068,Passive,44.2241,131.973,TypeB,1.5804,30.1341,174464433.9039
290.9408,97.4632,2.106,884.7218,Fan,41.3988,69.1464,TypeB,6.1686,28.3381,7765956.284
202.1896,345.551,2.0921,619.2835,Air,13.5128,89.3496,TypeC,6.5983,19.6806,9968362.7954
136.2407,419.9464,4.2285,410.9328,Water,15.1009,99.1461,TypeA,5.5517,26.7617,11264775.7236
336.6858,221.189,4.0518,822.7107,Air,17.5958,112.9987,TypeC,8.3539,26.4138,13581577.9217
329.7956,399.0253,1.8851,586.251,Air,25.2565,126.2369,TypeB,8.7491,24.6853,38578189.8945
293.1438,484.0145,4.612,171.3523,Passive,14.8252,83.4288,TypeA,6.5406,25.9996,18469486.5834
145.2508,141.6949,4.7877,609.2655,Passive,2.1594,111.0652,TypeC,1.1148,24.8358,3437670.5473
256.5807,285.4983,1.9703,917.2167,Water,52.8842,56.5672,TypeA,7.2571,26.3091,16152211.6795
176.3409,179.2121,2.0949,456.6814,Passive,57.971,142.5913,TypeA,4.762,29.3101,43581244.0993
82.0537,406.7845,2.7754,366.6932,Air,21.1527,82.1365,TypeB,6.09,17.1926,7529210.6556
371.0598,309.917,4.735,229.1225,Air,20.9719,120.2474,TypeA,6.8417,29.9925,31815140.549
97.8865,335.5621,4.4434,236.301,Passive,1.4184,42.2375,TypeC,4.1521,17.7177,275133.5459
382.5831,409.0614,0.9616,489.4943,Air,41.1348,62.5706,TypeA,9.2539,16.3326,32166063.1958
206.102,228.1867,2.2673,636.1118,Air,49.701,93.5791,TypeA,2.2058,34.5216,62581589.1462
114.7965,461.7905,2.9902,172.5539,Water,9.6499,136.6078,TypeC,7.0436,34.1398,7442006.2287
239.6653,289.863,2.7641,945.6117,Passive,10.4203,97.9981,TypeB,1.0392,16.2087,56973913.0598
355.531,121.0797,1.3724,779.6203,Air,47.6149,142.2858,TypeB,9.3219,23.8651,26038434.5964
306.2787,363.1546,4.3647,627.9615,Passive,37.3612,93.2177,TypeC,2.0125,18.7249,153818145.5485
332.2964,406.9676,3.5462,845.5948,Water,3.6468,93.9494,TypeC,1.854,24.7069,18418761.6256
280.5742,192.5428,4.2706,172.1681,Passive,37.7303,53.1721,TypeB,3.9971,31.6035,10998721.8067
292.2968,435.7307,4.3644,529.155,Air,19.2261,128.2922,TypeA,4.3621,34.0122,52924574.3572
347.2185,457.7645,3.8676,667.0838,Passive,22.7548,67.1662,TypeC,2.9287,27.6851,48756480.2356
137.3838,174.607,2.4764,845.7876,Air,46.4142,138.9574,TypeA,6.2661,22.0781,20767696.3405
221.2987,492.5847,3.2475,805.1226,Air,48.8452,140.1907,TypeC,4.9862,27.0665,120800157.2767
127.4233,113.3202,1.2216,349.3623,Air,24.621,143.7641,TypeB,1.3076,21.24,33312595.9973
395.6838,140.9071,3.5314,946.7922,Water,56.882,97.2254,TypeA,3.8769,33.1965,52377823.3276
380.4208,132.9012,1.3066,211.9113,Passive,24.9813,114.4803,TypeA,8.2939,32.408,12498157.7289
63.7994,452.2954,3.6228,887.6203,Water,46.5383,125.6367,TypeC,7.2073,26.1646,18534375.911
296.9513,344.4316,1.5332,973.8462,Passive,29.5488,54.4116,TypeA,7.5238,21.496,13221861.4536
373.8369,118.4469,1.029,259.4382,Water,53.9544,106.1053,TypeC,7.2831,20.8678,27960643.5646
113.2014,248.1455,1.2438,749.8595,Fan,54.5579,43.7728,TypeB,3.7988,15.6684,11338190.1441
248.7808,326.8841,0.509,136.257,Air,6.1576,94.7323,TypeA,1.897,31.3164,16739903.8657
370.4209,87.5588,3.7343,464.8805,Air,56.2531,57.0327,TypeC,3.4522,24.0077,17453744.82
61.8811,447.0874,3.7958,564.655,Water,49.7066,60.1215,TypeA,8.4861,21.5027,6258282.2089
294.0971,411.6216,2.8172,622.5807,Fan,47.6873,80.1552,TypeC,9.8242,24.4222,32749664.7156
154.0722,277.343,1.2261,942.3435,Air,12.8538,87.5681,TypeC,5.4446,31.3748,5668805.9314
373.5387,485.207,0.876,705.0256,Passive,48.502,108.549,TypeC,1.0873,17.4923,736181376.8442
389.8704,237.9924,0.5861,533.1502,Water,51.1578,48.1871,TypeB,2.2604,32.1531,33670672.6574
380.4933,492.8496,1.2459,828.7075,Air,18.0599,95.4061,TypeA,3.8987,32.9502,54253831.7687
215.975,350.564,4.5088,955.4795,Air,57.1833,60.0888,TypeB,6.2073,33.9342,18242542.2115
351.7149,335.6021,1.5869,119.8595,Water,3.9417,103.1373,TypeC,1.6758,22.9498,22262990.0295
345.5923,124.6797,2.0942,984.2691,Water,9.8446,110.1145,TypeC,9.4902,19.3428,4057261.3622
161.6852,446.8675,0.9741,177.5189,Passive,32.7173,101.238,TypeB,4.2858,22.4728,43443916.897
340.1204,242.3704,1.5006,832.9481,Passive,34.9718,121.2125,TypeB,9.2133,21.6582,31151219.7961
62.9527,123.005,2.8365,352.3013,Air,39.0639,76.917,TypeA,8.0247,18.5231,2201158.9383
258.6945,55.6734,3.2349,218.9617,Air,2.0012,124.1617,TypeC,7.7989,27.1453,358539.6893
130.5031,301.8901,1.6041,495.8701,Water,57.6616,87.6044,TypeB,6.4605,24.5325,22178193.6732
92.1984,287.3298,0.7598,679.5609,Air,3.6307,93.2603,TypeC,6.6411,32.314,882676.8683
76.9336,373.7091,2.2596,442.8567,Air,9.4407,111.2912,TypeC,6.742,15.6422,3850752.5459
293.7011,450.6161,1.5539,149.1089,Water,1.8269,42.0194,TypeA,6.6585,27.8774,513524.8711
168.9562,85.733,1.488,639.515,Air,34.4446,111.9394,TypeA,5.9836,30.259,6810807.4484
303.6684,379.1734,4.8194,912.1629,Air,56.0037,108.0444,TypeA,9.8777,30.1897,50825678.8824
72.8747,134.3354,3.2734,444.8938,Fan,40.2909,74.0832,TypeB,7.5906,32.7215,2149297.3119
160.3516,436.1797,3.006,294.6995,Passive,49.5368,49.4374,TypeC,7.9925,29.5807,8607779.3342
238.822,418.5786,2.371,498.3196,Water,1.7836,50.0029,TypeB,8.8522,33.5562,331265.6226
326.7531,293.3572,2.4302,143.5264,Fan,32.9789,141.5546,TypeB,2.9408,21.6531,128887785.1493
161.5634,369.6093,2.9341,838.4388,Passive,28.1142,115.8207,TypeA,1.7542,25.0642,86858082.341
269.062,191.4576,3.6339,843.7067,Passive,30.4391,53.9813,TypeC,5.346,15.2816,11351034.0906
360.0922,262.0256,3.6597,629.2004,Passive,5.2606,79.2395,TypeC,5.6267,15.1392,5654562.6552
265.5521,419.7366,1.2726,417.7926,Fan,41.3817,105.1731,TypeA,8.4626,19.8025,46530683.1193
131.5358,256.6693,2.7505,819.805,Fan,30.69,131.9129,TypeC,4.9941,17.0161,23837762.2615
58.5403,211.0092,2.3538,599.2183,Passive,46.1438,44.8027,TypeA,6.1377,20.2042,2284402.6689
354.5346,272.3956,4.4174,843.3391,Air,29.6321,66.0296,TypeB,5.7436,18.5409,23660680.9004
57.4443,422.7122,3.3414,668.3129,Air,9.8135,137.8724,TypeB,1.3438,15.5704,21687753.729
356.1456,200.8436,2.8963,805.9649,Fan,39.2472,41.0082,TypeA,6.5369,33.1861,3359276.7291
235.128,128.1927,1.0193,638.7067,Fan,11.1708,62.1539,TypeB,8.4524,15.1645,1871853.1696
378.6737,370.4063,3.2254,472.727,Fan,52.4713,145.4927,TypeB,2.4175,29.7216,352451212.5521
329.5741,421.6902,1.0274,962.1513,Passive,37.1739,107.4742,TypeA,6.349,18.043,72772691.977
399.2769,95.2869,2.0174,587.0024,Air,10.275,68.7839,TypeB,6.3425,33.2446,2190471.5013
172.7491,157.9434,1.1428,644.5806,Fan,57.7779,47.369,TypeC,2.4777,32.8559,9234013.3035
318.5159,113.8874,3.6143,298.4389,Fan,31.5836,43.101,TypeB,2.1112,28.078,8152592.1402
190.6758,206.5736,1.4281,663.0857,Water,5.301,66.922,TypeA,9.8205,28.4447,818086.4303
217.9565,252.6579,2.2634,614.4469,Passive,37.9831,136.9634,TypeC,4.5435,15.1068,56098550.2977
269.6269,386.9719,4.5305,266.3546,Water,15.9387,85.7505,TypeC,3.0468,34.6974,27865941.1654
355.787,343.0164,1.4194,153.6284,Air,48.4179,119.2367,TypeB,2.5419,32.5567,201498283.4501
394.4292,329.4179,2.7851,643.9234,Water,49.2515,141.0114,TypeC,7.0084,32.9021,98714258.8728
318.8957,208.5687,2.3867,787.323,Water,58.7579,84.8845,TypeA,6.485,28.1849,34169142.3331
196.2184,428.6514,0.5816,571.0612,Water,30.6103,61.0405,TypeC,6.792,21.8957,14838430.3943
197.475,262.0792,4.0674,304.0954,Passive,27.8425,96.883,TypeB,1.7921,32.873,51468142.2471
308.1538,490.5972,0.8107,699.8698,Air,45.4551,139.8892,TypeB,9.0418,20.8303,90486164.4579
133.572,335.364,2.6341,172.0952,Water,8.8158,128.4812,TypeC,4.5034,26.2542,8964347.6605
88.6659,106.8191,3.0231,497.6503,Passive,33.268,47.2413,TypeA,3.8203,16.9946,2494668.047
174.1178,354.2799,3.3279,247.0301,Air,33.2286,116.183,TypeA,5.1613,33.4391,32860836.3108
150.5336,196.2968,3.5988,266.0131,Fan,6.2789,102.9087,TypeB,4.5106,17.8154,3500187.3016
153.7078,358.8472,1.6397,282.0646,Water,25.6611,139.8209,TypeB,8.7722,19.4979,19414261.0267
131.7627,81.3385,0.5449,448.0364,Air,51.3438,53.473,TypeA,9.3633,26.1627,1604996.8528
64.7326,128.6966,3.7555,146.0352,Water,51.5131,98.744,TypeC,3.7311,30.2819,7874466.4674
56.2559,435.0818,2.9105,458.0141,Fan,6.855,136.7409,TypeC,8.7754,27.387,2090806.3361
395.7028,152.2308,4.2625,560.5367,Air,6.3525,85.1026,TypeC,8.0337,19.6427,3117999.594
199.7206,426.6685,4.1962,534.9649,Passive,16.499,93.0194,TypeC,9.3773,15.0189,11694741.915
184.5143,175.6742,4.295,444.5057,Air,52.6112,47.7507,TypeA,3.2118,30.143,9349111.9114
287.8765,339.2969,2.6829,855.2319,Passive,8.6053,70.5958,TypeB,6.1926,34.7041,4871616.8241
126.3889,362.3678,2.0013,230.794,Air,43.4798,75.6957,TypeB,3.4709,31.1983,25529282.2829
382.4864,280.6946,4.062,555.1271,Passive,6.9688,143.9635,TypeC,8.4169,24.2041,10645486.1735
325.2208,187.3898,2.5308,155.8373,Fan,37.7651,71.0934,TypeA,1.0479,33.0753,83499806.4532
81.2939,145.69,1.3255,164.0401,Fan,22.008,90.6956,TypeA,6.0834,23.197,2892122.4144
196.1533,64.9352,4.3474,616.4793,Fan,47.5459,113.8435,TypeC,4.0528,25.4987,13201238.9913
357.6914,186.7759,4.4715,609.4166,Air,14.7877,57.8402,TypeC,3.9042,24.5426,8425794.1062
380.6562,343.9233,2.5984,890.2302,Fan,38.7129,93.5087,TypeC,6.8042,23.9525,51809450.9361
213.5905,472.2372,0.8406,602.0863,Water,14.9053,121.2393,TypeB,8.6634,30.5038,15746053.3693
264.694,442.042,2.2452,963.8119,Fan,43.106,135.3541,TypeC,6.4828,25.5354,85439565.6072
108.4619,394.7291,4.1159,143.8254,Passive,52.547,108.8885,TypeB,8.6786,21.3343,22696118.5332
396.909,404.8013,4.558,188.2069,Passive,8.4813,113.5959,TypeA,3.3814,20.1632,37652829.8253
131.0851,349.2432,1.4156,139.6593,Passive,52.1291,53.8912,TypeA,5.6755,15.7549,16035996.1331
379.9561,167.1291,0.8014,266.7492,Air,36.0209,144.0354,TypeB,5.0548,26.6639,53112743.2963
277.3763,458.2378,4.4481,587.1431,Water,8.4995,54.5831,TypeB,1.1048,19.5992,34208828.1636
262.7079,351.8295,2.2523,681.015,Fan,26.225,125.214,TypeB,6.0113,17.9627,43246906.109
229.441,302.1983,2.9379,141.0266,Water,10.4908,69.1298,TypeB,6.9537,28.0766,4294402.1949
130.7344,99.9453,4.8563,951.3738,Water,42.3205,142.6952,TypeC,6.3272,28.6242,9969347.4061
111.7848,251.175,0.7995,857.9488,Passive,45.7732,119.1955,TypeA,7.6265,30.0431,15023745.0261
127.1702,257.1612,3.4174,366.9512,Passive,7.242,122.9195,TypeC,6.1421,25.0715,3772979.006
115.2534,439.0536,0.8335,169.4688,Passive,30.8623,64.0965,TypeB,1.6008,32.8811,30453092.7958
322.8546,295.9917,2.1896,252.8984,Air,49.0629,88.7344,TypeC,2.048,33.7269,125930718.5905
172.5438,221.1802,4.1172,214.25,Water,56.2336,107.9595,TypeC,6.3683,31.1474,25884967.0669
